cid,origin,expected_epoch,predicted_peak,threshold,severity
0,92,93,210.5,187.5,1.12
0,106,107,207.2,187.5,1.1
0,111,114,225.5,187.5,1.2
0,113,114,264.3,187.5,1.41
0,116,119,193.7,187.5,1.03
1,104,106,158.2,142.2,1.11
1,107,110,151.5,142.2,1.07
2,97,101,235.3,226.3,1.04
2,98,100,274.3,226.3,1.21
3,105,109,133.8,120.9,1.11
5,78,83,217.1,177.7,1.22
5,79,84,184.8,177.7,1.04
5,81,82,191.8,177.7,1.08
5,84,89,192.5,177.7,1.08
5,86,88,205.0,177.7,1.15
5,87,92,188.5,177.7,1.06
5,89,91,217.7,177.7,1.23
5,91,96,232.1,177.7,1.31
5,108,113,277.7,177.7,1.56
5,109,113,357.2,177.7,2.01
