epoch,event,cid,other_cid,size
2,birth,0,,60
2,birth,1,,60
2,birth,2,,60
2,birth,3,,60
2,birth,4,,60
2,birth,5,,57
3,continue,1,,60
3,continue,2,,62
3,continue,3,,60
3,continue,5,,59
3,continue,4,,56
3,continue,0,,62
4,continue,1,,61
4,continue,3,,59
4,continue,2,,62
4,continue,0,,58
4,continue,5,,61
4,continue,4,,59
5,continue,2,,61
5,continue,0,,61
5,continue,4,,61
5,continue,1,,54
5,continue,3,,67
5,continue,5,,55
6,continue,0,,60
6,continue,2,,64
6,continue,4,,59
6,continue,1,,59
6,continue,3,,61
6,continue,5,,54
7,continue,4,,60
7,continue,0,,62
7,continue,1,,60
7,continue,2,,60
7,continue,3,,58
7,continue,5,,58
8,continue,4,,61
8,continue,1,,60
8,continue,2,,59
8,continue,3,,63
8,continue,0,,57
8,continue,5,,58
9,continue,1,,61
9,continue,2,,60
9,continue,4,,59
9,continue,3,,60
9,continue,0,,63
9,continue,5,,56
10,continue,2,,60
10,continue,1,,60
10,continue,3,,61
10,continue,4,,60
10,continue,0,,59
10,continue,5,,59
11,continue,1,,61
11,continue,4,,59
11,continue,5,,58
11,continue,3,,59
11,continue,2,,60
11,continue,0,,61
12,continue,3,,60
12,continue,0,,61
12,continue,4,,61
12,continue,1,,62
12,continue,5,,59
12,continue,2,,57
13,continue,5,,58
13,continue,0,,59
13,continue,3,,58
13,continue,4,,62
13,continue,2,,60
13,continue,1,,62
14,continue,2,,62
14,continue,0,,59
14,continue,3,,61
14,continue,1,,62
14,continue,4,,58
14,continue,5,,54
15,continue,2,,60
15,continue,3,,59
15,continue,4,,60
15,continue,1,,63
15,continue,0,,59
15,continue,5,,57
16,continue,2,,60
16,continue,4,,61
16,continue,5,,59
16,continue,3,,60
16,continue,0,,59
16,continue,1,,60
17,continue,2,,61
17,continue,1,,61
17,continue,3,,59
17,continue,0,,60
17,continue,4,,61
17,continue,5,,58
18,continue,3,,60
18,continue,2,,59
18,continue,4,,60
18,continue,5,,58
18,continue,0,,59
18,continue,1,,64
19,continue,3,,59
19,continue,2,,60
19,continue,0,,60
19,continue,5,,59
19,continue,4,,62
19,continue,1,,60
20,continue,0,,60
20,continue,2,,62
20,continue,3,,61
20,continue,5,,59
20,continue,1,,59
20,continue,4,,58
21,continue,3,,60
21,continue,2,,60
21,continue,0,,62
21,continue,4,,59
21,continue,5,,61
21,continue,1,,58
22,continue,2,,59
22,continue,0,,60
22,continue,4,,61
22,continue,1,,57
22,continue,3,,63
22,continue,5,,60
23,continue,0,,60
23,continue,4,,60
23,continue,2,,61
23,continue,1,,61
23,continue,3,,59
23,continue,5,,58
24,continue,0,,60
24,continue,4,,58
24,continue,1,,61
24,continue,3,,61
24,continue,2,,61
24,continue,5,,56
25,continue,3,,61
25,continue,0,,62
25,continue,4,,60
25,continue,1,,57
25,continue,2,,61
25,continue,5,,58
26,continue,3,,61
26,continue,4,,59
26,continue,2,,61
26,continue,0,,67
26,continue,1,,58
26,continue,5,,52
27,continue,2,,60
27,continue,3,,62
27,continue,0,,60
27,continue,4,,61
27,continue,1,,55
27,continue,5,,61
28,continue,2,,60
28,continue,0,,61
28,continue,3,,60
28,continue,4,,59
28,continue,1,,59
28,continue,5,,59
29,continue,2,,60
29,continue,0,,60
29,continue,3,,58
29,continue,4,,59
29,continue,1,,61
29,continue,5,,62
30,continue,0,,60
30,continue,4,,59
30,continue,3,,58
30,continue,1,,62
30,continue,2,,63
30,continue,5,,57
31,continue,0,,60
31,continue,3,,60
31,continue,2,,60
31,continue,5,,60
31,continue,4,,61
31,continue,1,,59
32,continue,3,,60
32,continue,2,,60
32,continue,0,,60
32,continue,5,,59
32,continue,4,,60
32,continue,1,,60
33,continue,0,,60
33,continue,2,,61
33,continue,3,,61
33,continue,4,,59
33,continue,1,,63
33,continue,5,,54
34,continue,0,,60
34,continue,3,,60
34,continue,2,,60
34,continue,4,,60
34,continue,1,,60
34,continue,5,,57
35,continue,4,,60
35,continue,3,,60
35,continue,2,,61
35,continue,0,,61
35,continue,1,,58
35,continue,5,,59
36,continue,3,,59
36,continue,4,,59
36,continue,0,,60
36,continue,5,,60
36,continue,2,,67
36,continue,1,,55
37,continue,0,,61
37,continue,3,,60
37,continue,4,,61
37,continue,5,,57
37,continue,1,,71
37,continue,2,,50
38,continue,3,,60
38,continue,4,,62
38,continue,5,,58
38,continue,0,,62
38,continue,1,,52
38,continue,2,,66
39,continue,3,,59
39,continue,2,,68
39,continue,0,,60
39,continue,4,,58
39,continue,5,,60
39,continue,1,,53
40,continue,3,,59
40,continue,2,,67
40,continue,5,,61
40,continue,0,,62
40,continue,4,,59
40,continue,1,,52
41,continue,2,,68
41,continue,0,,61
41,continue,3,,60
41,continue,4,,59
41,continue,5,,57
41,continue,1,,55
42,continue,3,,60
42,continue,0,,60
42,continue,4,,60
42,continue,2,,72
42,continue,5,,56
42,continue,1,,51
43,continue,3,,60
43,continue,0,,59
43,continue,4,,61
43,continue,2,,68
43,continue,1,,53
43,continue,5,,55
44,continue,4,,59
44,continue,0,,61
44,continue,3,,58
44,continue,1,,53
44,continue,2,,69
44,continue,5,,58
45,continue,0,,63
45,continue,1,,50
45,continue,3,,63
45,continue,4,,58
45,continue,2,,65
45,continue,5,,59
46,continue,1,,52
46,continue,0,,62
46,continue,5,,59
46,continue,2,,67
46,continue,3,,60
46,continue,4,,57
47,continue,0,,61
47,continue,1,,53
47,continue,2,,68
47,continue,3,,59
47,continue,4,,60
47,continue,5,,59
48,continue,2,,68
48,continue,3,,60
48,continue,0,,61
48,continue,1,,53
48,continue,5,,61
48,continue,4,,55
49,continue,3,,60
49,continue,2,,68
49,continue,1,,53
49,continue,0,,58
49,continue,4,,61
49,continue,5,,56
50,continue,4,,60
50,continue,1,,52
50,continue,3,,60
50,continue,2,,67
50,continue,0,,60
50,continue,5,,57
51,continue,1,,52
51,continue,2,,68
51,continue,0,,61
51,continue,4,,59
51,continue,3,,65
51,continue,5,,54
52,continue,1,,52
52,continue,2,,69
52,continue,0,,60
52,continue,4,,58
52,continue,3,,62
52,continue,5,,59
53,continue,1,,52
53,continue,0,,59
53,continue,2,,69
53,continue,4,,58
53,continue,3,,58
53,continue,5,,64
54,continue,0,,60
54,continue,1,,53
54,continue,2,,65
54,continue,3,,63
54,continue,5,,118
54,merge,5,4.0,118
55,continue,0,,61
55,continue,1,,52
55,continue,2,,69
55,continue,5,,114
55,continue,3,,64
56,continue,2,,67
56,continue,1,,55
56,continue,0,,66
56,continue,5,,112
56,continue,3,,59
57,continue,2,,68
57,continue,1,,54
57,continue,0,,61
57,continue,5,,118
57,continue,3,,59
58,continue,2,,67
58,continue,0,,61
58,continue,1,,52
58,continue,5,,119
58,continue,3,,59
59,continue,1,,54
59,continue,0,,61
59,continue,5,,121
59,continue,2,,69
59,continue,3,,54
60,continue,1,,54
60,continue,0,,60
60,continue,2,,68
60,continue,5,,118
60,continue,3,,60
61,continue,3,,60
61,continue,2,,71
61,continue,5,,116
61,continue,1,,53
61,continue,0,,59
62,continue,2,,68
62,continue,3,,61
62,continue,1,,52
62,continue,5,,119
62,continue,0,,59
63,continue,1,,52
63,continue,2,,68
63,continue,3,,60
63,continue,5,,119
63,continue,0,,61
64,continue,1,,52
64,continue,3,,60
64,continue,2,,68
64,continue,5,,119
64,continue,0,,61
65,continue,3,,60
65,continue,2,,69
65,continue,0,,60
65,continue,1,,51
65,continue,5,,120
66,continue,2,,69
66,continue,3,,62
66,continue,0,,62
66,continue,5,,111
66,continue,1,,56
67,continue,2,,68
67,continue,1,,54
67,continue,3,,59
67,continue,5,,119
67,continue,0,,59
68,continue,2,,68
68,continue,0,,61
68,continue,5,,116
68,continue,1,,55
68,continue,3,,30
68,split,6,3.0,29
69,continue,3,,30
69,continue,2,,69
69,continue,0,,60
69,continue,6,,28
69,continue,5,,120
69,continue,1,,52
70,continue,5,,123
70,continue,6,,29
70,continue,2,,70
70,continue,0,,57
70,continue,1,,52
70,continue,3,,29
71,continue,0,,58
71,continue,5,,120
71,continue,6,,30
71,continue,2,,69
71,continue,1,,53
71,continue,3,,30
72,continue,2,,68
72,continue,3,,31
72,continue,6,,31
72,continue,5,,116
72,continue,1,,53
72,continue,0,,61
73,continue,2,,69
73,continue,6,,30
73,continue,3,,30
73,continue,5,,116
73,continue,1,,55
73,continue,0,,60
74,continue,3,,30
74,continue,2,,70
74,continue,6,,32
74,continue,5,,115
74,continue,0,,63
74,continue,1,,50
75,continue,3,,30
75,continue,2,,68
75,continue,0,,62
75,continue,5,,116
75,continue,6,,31
75,continue,1,,51
76,continue,3,,30
76,continue,2,,68
76,continue,0,,60
76,continue,1,,49
76,continue,5,,121
76,continue,6,,32
77,continue,2,,68
77,continue,3,,29
77,continue,0,,63
77,continue,5,,123
77,continue,6,,29
77,continue,1,,48
78,continue,2,,68
78,continue,3,,30
78,continue,6,,30
78,continue,5,,120
78,continue,0,,61
78,continue,1,,51
79,continue,3,,30
79,continue,2,,69
79,continue,0,,60
79,continue,6,,31
79,continue,5,,112
79,continue,1,,57
80,continue,3,,30
80,continue,2,,67
80,continue,0,,61
80,continue,6,,31
80,continue,5,,117
80,continue,1,,54
81,continue,2,,69
81,continue,3,,31
81,continue,0,,59
81,continue,5,,118
81,continue,6,,31
81,continue,1,,50
82,continue,3,,30
82,continue,2,,70
82,continue,0,,60
82,continue,6,,31
82,continue,5,,118
82,continue,1,,51
83,continue,6,,31
83,continue,1,,52
83,continue,5,,121
83,continue,2,,67
83,continue,0,,57
83,continue,3,,32
84,continue,2,,67
84,continue,0,,58
84,continue,1,,53
84,continue,5,,122
84,continue,3,,30
84,continue,6,,30
85,continue,2,,68
85,continue,3,,31
85,continue,1,,52
85,continue,5,,119
85,continue,0,,59
85,continue,6,,31
86,continue,2,,69
86,continue,1,,51
86,continue,3,,30
86,continue,5,,118
86,continue,0,,61
86,continue,6,,31
87,continue,3,,30
87,continue,2,,68
87,continue,0,,60
87,continue,5,,119
87,continue,6,,30
87,continue,1,,53
88,continue,0,,60
88,continue,2,,69
88,continue,3,,32
88,continue,6,,32
88,continue,5,,119
88,continue,1,,48
89,continue,0,,60
89,continue,2,,69
89,continue,5,,119
89,continue,6,,30
89,continue,3,,30
89,continue,1,,51
90,continue,6,,30
90,continue,0,,60
90,continue,2,,68
90,continue,5,,118
90,continue,3,,32
90,continue,1,,51
91,continue,6,,30
91,continue,0,,60
91,continue,2,,68
91,continue,5,,121
91,continue,3,,31
91,continue,1,,50
92,continue,6,,30
92,continue,2,,68
92,continue,5,,120
92,continue,0,,61
92,continue,1,,52
92,continue,3,,29
93,continue,6,,30
93,continue,2,,68
93,continue,5,,121
93,continue,0,,60
93,continue,1,,53
93,continue,3,,28
94,continue,0,,60
94,continue,2,,68
94,continue,5,,120
94,continue,1,,52
94,continue,6,,31
94,continue,3,,29
95,continue,0,,60
95,continue,2,,68
95,continue,5,,120
95,continue,1,,53
95,continue,6,,30
95,continue,3,,29
96,continue,6,,30
96,continue,0,,60
96,continue,2,,68
96,continue,5,,120
96,continue,1,,52
96,continue,3,,30
97,continue,3,,30
97,continue,1,,52
97,continue,0,,60
97,continue,5,,120
97,continue,2,,69
97,continue,6,,29
98,continue,3,,30
98,continue,1,,52
98,continue,0,,60
98,continue,5,,120
98,continue,2,,68
98,continue,6,,29
99,continue,1,,52
99,continue,0,,60
99,continue,5,,120
99,continue,2,,69
99,continue,3,,29
99,continue,6,,30
100,continue,1,,52
100,continue,0,,60
100,continue,5,,120
100,continue,2,,68
100,continue,3,,30
100,continue,6,,30
101,continue,6,,30
101,continue,3,,30
101,continue,1,,52
101,continue,2,,68
101,continue,5,,119
101,continue,0,,61
102,continue,3,,30
102,continue,2,,68
102,continue,5,,120
102,continue,0,,60
102,continue,1,,53
102,continue,6,,29
103,continue,3,,30
103,continue,0,,60
103,continue,2,,68
103,continue,5,,120
103,continue,1,,52
103,continue,6,,30
104,continue,6,,30
104,continue,1,,52
104,continue,0,,60
104,continue,2,,68
104,continue,5,,119
104,continue,3,,31
105,continue,6,,30
105,continue,1,,52
105,continue,5,,120
105,continue,2,,69
105,continue,0,,59
105,continue,3,,30
106,continue,3,,30
106,continue,6,,30
106,continue,1,,52
106,continue,5,,120
106,continue,2,,68
106,continue,0,,60
107,continue,6,,30
107,continue,3,,30
107,continue,1,,52
107,continue,0,,60
107,continue,2,,68
107,continue,5,,120
108,continue,6,,30
108,continue,3,,30
108,continue,1,,52
108,continue,0,,60
108,continue,2,,68
108,continue,5,,120
109,continue,6,,30
109,continue,3,,30
109,continue,1,,52
109,continue,0,,60
109,continue,2,,68
109,continue,5,,120
110,continue,6,,30
110,continue,3,,30
110,continue,1,,52
110,continue,0,,60
110,continue,2,,68
110,continue,5,,120
111,continue,3,,30
111,continue,6,,30
111,continue,0,,60
111,continue,5,,120
111,continue,2,,69
111,continue,1,,51
112,continue,3,,30
112,continue,6,,30
112,continue,0,,60
112,continue,5,,120
112,continue,2,,68
112,continue,1,,52
113,continue,6,,30
113,continue,3,,30
113,continue,1,,52
113,continue,0,,60
113,continue,2,,68
113,continue,5,,120
114,continue,6,,30
114,continue,3,,30
114,continue,1,,52
114,continue,0,,60
114,continue,2,,68
114,continue,5,,120
115,continue,3,,30
115,continue,0,,60
115,continue,2,,68
115,continue,5,,120
115,continue,1,,51
115,continue,6,,31
116,continue,3,,30
116,continue,6,,31
116,continue,1,,51
116,continue,0,,60
116,continue,2,,68
116,continue,5,,120
117,continue,2,,68
117,continue,0,,61
117,continue,5,,123
117,continue,6,,30
117,continue,3,,31
117,continue,1,,47
118,continue,6,,30
118,continue,2,,68
118,continue,5,,121
118,continue,0,,60
118,continue,3,,30
118,continue,1,,50
119,continue,6,,30
119,continue,3,,30
119,continue,0,,60
119,continue,2,,68
119,continue,5,,120
119,continue,1,,52
