activity,active_users,sentiment,sent_delta,topic_novelty,internal_ratio,growth,log_users,cid,epoch
67.0,33.0,0.12139303482587065,0.0,0.0,0.8208955223880597,0.0,3.5263605246161616,0,0
67.0,33.0,0.12139303482587065,0.0,0.0,0.8208955223880597,0.0,3.5263605246161616,0,1
67.0,33.0,0.12139303482587065,0.0,0.0,0.8208955223880597,0.0,3.5263605246161616,0,2
71.0,41.0,0.19248826291079812,0.07109522808492748,0.0,0.8309859154929577,0.05715841383994835,3.7376696182833684,0,3
81.0,41.0,0.1580246913580247,0.012933247170511558,0.0,0.8148148148148148,0.13005312824819804,3.7376696182833684,0,4
71.0,35.0,0.24647887323943662,0.08917687687453882,0.06805079597757771,0.8591549295774648,-0.13005312824819804,3.58351893845611,0,5
81.0,41.0,0.22633744855967078,0.0273401727235843,0.03696290769659738,0.8641975308641975,0.13005312824819804,3.7376696182833684,0,6
53.0,33.0,0.09622641509433962,-0.11405392262470439,0.097141873029604,0.9056603773584906,-0.4177352006999788,3.5263605246161616,0,7
74.0,35.0,0.26981981981981984,0.08013890752200414,0.06261988746168985,0.8783783783783784,0.3285040669720356,3.58351893845611,0,8
92.0,48.0,0.20652173913043478,0.009060511305824692,0.040546848490998676,0.9130434782608695,0.21511137961694615,3.8918202981106265,0,9
87.0,38.0,0.09770114942528736,-0.09315484192291072,0.1130500935902258,0.8505747126436781,-0.055262678675049415,3.6635616461296463,0,10
73.0,40.0,0.2899543378995434,0.09860676844102942,0.0631877108476524,0.8767123287671232,-0.17327172127403667,3.713572066704308,0,11
80.0,40.0,0.06916666666666667,-0.12889240881842184,0.05280809006731614,0.85,0.09038406146826894,3.713572066704308,0,12
60.0,27.0,0.21611111111111111,0.063837059780612,0.10132831154653257,0.9,-0.2835752904991278,3.332204510175204,0,13
80.0,39.0,0.225,0.033255961440892934,0.09918584351205902,0.8875,0.2835752904991278,3.6888794541139363,0,14
63.0,29.0,0.15873015873015872,-0.01136243386243388,0.10566555109104701,0.9047619047619048,-0.23556607131276763,3.4011973816621555,0,15
81.0,44.0,0.2037037037037037,0.003756613756613736,0.04214556259778217,0.8765432098765432,0.24783616390458185,3.8066624897703196,0,16
89.0,44.0,-0.09550561797752809,-0.2913169054554822,0.25223169307749294,0.8876404494382022,0.09309042306601167,3.8066624897703196,0,17
79.0,38.0,-0.0628691983122363,-0.1518452797976811,0.40774750469776216,0.7974683544303798,-0.11778303565638382,3.6635616461296463,0,18
84.0,43.0,-0.4257936507936508,-0.44090327993163053,0.6595553183914359,0.8690476190476191,0.060624621816435464,3.784189633918261,0,19
83.0,40.0,-0.6088353413654618,-0.41411251900432344,1.032633187051381,0.8674698795180723,-0.011834457647003305,3.713572066704308,0,20
110.0,43.0,-0.6621212121212121,-0.29628848196409585,0.7902924652529496,0.8727272727272727,0.27871340246902054,3.784189633918261,0,21
172.0,56.0,-0.6065891472868217,-0.041005745860046794,0.6698558446933393,0.8662790697674418,0.4437613931854454,4.04305126783455,0,22
220.0,57.0,-0.6951515151515152,-0.06930294822701666,0.4576214701244164,0.8818181818181818,0.24487110701997317,4.060443010546419,0,23
262.0,57.0,-0.6893129770992367,-0.034692352246053715,0.3211788789962663,0.8625954198473282,0.17399133066001227,4.060443010546419,0,24
296.0,60.0,-0.6199324324324325,0.04375211408009194,0.1592340051468099,0.8682432432432432,0.12157810662493507,4.110873864173311,0,25
197.0,61.0,-0.5222383369591491,0.14589397126857895,0.11483481585600129,0.8781725888324873,-0.4054651081081646,4.127134385045092,0,26
156.0,50.0,-0.4027777777777778,0.20771680438582818,0.2796997979094194,0.8717948717948718,-0.2320212253462275,3.9318256327243257,0,27
121.0,49.0,-0.28264462809917357,0.23233822095727952,0.4413635420810688,0.8347107438016529,-0.25222476061505095,3.912023005428146,0,28
205.0,58.0,-0.21479674796747966,0.18775683297788714,0.45465793870415533,0.9024390243902439,0.5238551240563245,4.07753744390572,0,29
142.0,47.0,-0.09765258215962441,0.20242046912185252,0.4347094413257907,0.9154929577464789,-0.3650315385296743,3.871201010907891,0,30
172.0,54.0,-0.07403100775193798,0.12433364499015452,0.48162891557429277,0.9302325581395349,0.19044696423787233,4.007333185232471,0,31
144.0,55.0,-0.012962962962962964,0.11586381633005101,0.4579225559463632,0.8819444444444444,-0.1765578520772051,4.02535169073515,0,32
125.0,48.0,-0.10613333333333334,-0.04458448237515826,0.36584162368605844,0.856,-0.14045183546909623,3.8918202981106265,0,33
85.0,38.0,0.08705882352941177,0.15143459154548983,0.3132649892546665,0.8588235294117647,-0.38193461069797063,3.6635616461296463,0,34
82.0,40.0,0.08292682926829269,0.09360598685725416,0.23242924503336437,0.8658536585365854,-0.035506688456909075,3.713572066704308,0,35
105.0,42.0,0.10952380952380952,0.08823970303568578,0.24924918032503884,0.8761904761904762,0.24459848631546866,3.7612001156935624,0,36
74.0,36.0,0.004954954954954952,-0.08821486581888308,0.26140867784018695,0.8783783783783784,-0.3459509805757568,3.6109179126442243,0,37
116.0,45.0,0.05775862068965516,-0.008043243892697269,0.16128322141440377,0.9224137931034483,0.4446858212614462,3.828641396489095,0,38
105.0,44.0,0.11428571428571428,0.0568732525629077,0.17935288673088348,0.8857142857142857,-0.09873484068568938,3.8066624897703196,0,39
88.0,38.0,0.134469696969697,0.07546993365958882,0.09843631718529958,0.8522727272727273,-0.17480272437992728,3.6635616461296463,0,40
67.0,35.0,0.16062544420753377,0.05845410022584492,0.07973937698137101,0.8656716417910447,-0.2691286645560327,3.58351893845611,0,41
79.0,42.0,0.08270042194092826,-0.053759863213386785,0.08874888411632155,0.8987341772151899,0.16251892949777424,3.7612001156935624,0,42
70.0,39.0,0.18619047619047618,0.06025862181775646,0.09523470148741961,0.8714285714285714,-0.11934675763256575,3.6888794541139363,0,43
99.0,48.0,0.09932659932659933,-0.043845514786380116,0.05331623283854878,0.8686868686868687,0.34249030894677635,3.8918202981106265,0,44
123.0,49.0,0.205420054200542,0.08268088838120737,0.0912322440034993,0.8373983739837398,0.21511137961694526,3.912023005428146,0,45
87.0,38.0,0.15593869731800766,-0.007707012587864881,0.07798280329268578,0.8390804597701149,-0.3429447511268302,3.6635616461296463,0,46
66.0,35.0,0.1878787878787879,0.03431700426373821,0.037470550186311576,0.8787878787878788,-0.27264419508724114,3.58351893845611,0,47
63.0,39.0,0.06507936507936507,-0.11799981471974749,0.15099653876949032,0.7777777777777778,-0.04580953603129423,3.6888794541139363,0,48
59.0,31.0,0.14350282485875707,0.0072038747667034775,0.04450446542070139,0.8135593220338984,-0.06453852113757108,3.4657359027997265,0,49
71.0,36.0,0.16103286384976526,0.028879204577461876,0.09611714049268708,0.8450704225352113,0.1823215567939549,3.6109179126442243,0,50
94.0,43.0,0.11879432624113474,-0.004410691688161092,0.06673692754915858,0.8829787234042553,0.27721077258448545,3.784189633918261,0,51
138.0,53.0,0.19178743961352657,0.05067743463030752,0.0522269584695306,0.8333333333333334,0.3805970415301507,3.9889840465642745,0,52
103.0,46.0,0.0825242718446602,-0.07468060472348202,0.024180151567296783,0.8446601941747572,-0.290083033989319,3.8501476017100584,0,53
70.0,39.0,0.2880952380952381,0.15705989219546426,0.04811120205209344,0.8714285714285714,-0.38171102210005703,3.6888794541139363,0,54
54.0,35.0,0.021604938271604937,-0.16586404491287005,0.05645420684400961,0.9444444444444444,-0.2553466918088443,3.58351893845611,0,55
87.0,39.0,0.16628352490421455,0.03554204216704676,0.06896475556903453,0.896551724137931,0.4700036292457357,3.6888794541139363,0,56
74.0,40.0,0.20270270270270271,0.044041468945683476,0.06468349141217009,0.8783783783783784,-0.15984870094189674,3.713572066704308,0,57
97.0,42.0,0.10790378006872853,-0.02229327522411223,0.05354083569332696,0.865979381443299,0.2674793651342622,3.7612001156935624,0,58
109.0,54.0,0.20642201834862386,0.047458682456741896,0.06635395518750523,0.8715596330275229,0.11551288712184427,4.007333185232471,0,59
89.0,41.0,0.1745318352059925,0.002189001499307397,0.018479520701958362,0.797752808988764,-0.20067069546215155,3.7376696182833684,0,60
78.0,39.0,0.1858974358974359,0.022944891356320912,0.18426157310574948,0.8205128205128205,-0.13036181786324352,3.6888794541139363,0,61
62.0,35.0,0.1870967741935484,-0.0018536556238024082,0.06623256781708577,0.7580645161290323,-0.22631312607548892,3.58351893845611,0,62
71.0,43.0,0.31220657276995306,0.1296978910042941,0.040408700858326665,0.8873239436619719,0.13353139262452274,3.784189633918261,0,63
84.0,42.0,0.16666666666666666,-0.061733594286979165,0.0611284552051403,0.8928571428571429,0.16598513747426136,3.7612001156935624,0,64
73.0,40.0,0.2237442922374429,0.0017542876940534746,0.07736685528822476,0.8767123287671232,-0.13858616328614648,3.713572066704308,0,65
91.0,44.0,0.04322344322344322,-0.190982400667911,0.005640430365711845,0.8571428571428571,0.21772348384487028,3.8066624897703196,0,66
81.0,39.0,0.21069958847736625,0.06615478776818196,0.03758281609729506,0.9012345679012346,-0.11506932978478712,3.6888794541139363,0,67
89.0,43.0,0.12397003745318352,-0.03525240385956732,0.025352993218197818,0.8764044943820225,0.09309042306601167,3.784189633918261,0,68
59.0,28.0,0.23163841807909605,0.10567406169443169,0.11651661791333995,0.9491525423728814,-0.4054651081081646,3.367295829986474,0,69
44.0,27.0,0.15151515151515152,-0.0372541964880638,0.0484586119540462,0.8181818181818182,-0.2876820724517808,3.332204510175204,0,70
100.0,41.0,0.13,-0.03904120234914374,0.052569938963026655,0.85,0.80845802707094,3.7376696182833684,0,71
73.0,40.0,0.21004566210045664,0.0389944722357074,0.02032859207296396,0.9178082191780822,-0.3110554236370895,3.713572066704308,0,72
94.0,47.0,0.2943262411347518,0.1304726365962157,0.026914435099431276,0.8723404255319149,0.24981179839637058,3.871201010907891,0,73
92.0,44.0,0.1923913043478261,-0.019065996730576795,0.05473606366877576,0.8586956521739131,-0.02127739844728449,3.8066624897703196,0,74
69.0,36.0,0.20531400966183574,-0.02694039286584249,0.10767811361675116,0.8985507246376812,-0.2841042511038969,3.6109179126442243,0,75
60.0,32.0,0.21388888888888888,-0.016788296159249066,0.0794451793706448,0.8666666666666667,-0.137621377876048,3.4965075614664802,0,76
75.0,39.0,0.152,-0.051864734299516935,0.013757165093257405,0.88,0.2198594761130197,3.6888794541139363,0,77
72.0,41.0,0.09027777777777778,-0.10012318840579716,0.028956282272151135,0.875,-0.040273899137940106,3.7376696182833684,0,78
86.0,46.0,0.06395348837209303,-0.08810206718346256,0.05823861504327886,0.9302325581395349,0.17544867750619275,3.8501476017100584,0,79
101.0,39.0,0.15841584158415842,0.05633875286753477,0.05021359051979783,0.9108910891089109,0.15906469462968698,3.6888794541139363,0,80
66.0,34.0,-0.18686868686868688,-0.2910843894466967,0.3150717633665908,0.9090909090909091,-0.42028019389330495,3.5553480614894135,0,81
64.0,34.0,-0.27239583333333334,-0.28422938102918827,0.47055008696493805,0.84375,-0.030305349495328926,3.5553480614894135,0,82
56.0,32.0,-0.5523809523809524,-0.4520980595083319,0.5713964522613391,0.8571428571428571,-0.13133600206108653,3.4965075614664802,0,83
93.0,39.0,-0.6021505376344086,-0.26493538010675116,0.9711799635081066,0.8602150537634409,0.5002435144354536,3.6888794541139363,0,84
128.0,48.0,-0.5950520833333334,-0.11940964221710199,0.8508458160896901,0.859375,0.3165176220916681,3.8918202981106265,0,85
172.0,49.0,-0.6151162790697674,-0.031921754620202636,0.6636582243112974,0.9069767441860465,0.29347919013610735,3.912023005428146,0,86
198.0,55.0,-0.6127946127946128,-0.008688312782109686,0.48191977398280944,0.8535353535353535,0.14001323022671297,4.02535169073515,0,87
214.0,56.0,-0.6300623052959502,-0.022407980230045754,0.2613189362328132,0.8878504672897196,0.07733320340317018,4.04305126783455,0,88
280.0,53.0,-0.6086904761904762,0.01063392286296716,0.1780370623352865,0.8892857142857142,0.26771664120608296,3.9889840465642745,0,89
141.0,52.0,-0.4995271867612293,0.11765527799911701,0.09060409793676738,0.8723404255319149,-0.6825276117324846,3.970291913552122,0,90
159.0,53.0,-0.39329140461215933,0.1861352514703925,0.2890382459012844,0.8679245283018868,0.11934675763256575,3.9889840465642745,0,91
150.0,47.0,-0.16977777777777778,0.3307252447435104,0.41778301593409695,0.9133333333333333,-0.057893978418902314,3.871201010907891,0,92
231.0,56.0,-0.19509379509379507,0.1591049946232603,0.4465511072684804,0.9134199134199135,0.4294575348513856,4.04305126783455,0,93
149.0,53.0,-0.19910514541387025,0.053615847080707046,0.47906157443266134,0.8657718120805369,-0.43610207757005437,3.9889840465642745,0,94
184.0,53.0,-0.010507246376811594,0.17748499305166937,0.48495594603736325,0.8858695652173914,0.2097205309820689,3.9889840465642745,0,95
124.0,43.0,-0.02258064516129032,0.11232141713353525,0.496235083606139,0.8870967741935484,-0.3920420877760229,3.784189633918261,0,96
67.0,40.0,-0.07711442786069653,0.00028325112329412316,0.3634184064282664,0.8955223880597015,-0.6088060321261946,3.713572066704308,0,97
88.0,38.0,0.09318181818181817,0.12991592464808424,0.32976032811366396,0.875,0.2691286645560327,3.6635616461296463,0,98
116.0,46.0,0.07758620689655173,0.07975729184327454,0.27133614787162164,0.8448275862068966,0.27353756506561666,3.8501476017100584,0,99
89.0,46.0,-0.10112359550561797,-0.1323414612448425,0.24571894300368985,0.9213483146067416,-0.2623642644674913,3.8501476017100584,0,100
101.0,43.0,0.08580858085808582,0.06259377100050177,0.17084314465660083,0.7722772277227723,0.12516314295400566,3.784189633918261,0,101
131.0,49.0,-0.13384223918575064,-0.15459930326875723,0.021088114279013546,0.8931297709923665,0.2578291093020999,3.912023005428146,0,102
76.0,39.0,-0.19298245614035087,-0.14326337152925667,0.3525174973404727,0.9210526315789473,-0.5389965007326865,3.6888794541139363,0,103
71.0,41.0,-0.5136150234741784,-0.4332763186515066,0.4096867922122,0.9295774647887324,-0.06713930283762881,3.7376696182833684,0,104
114.0,40.0,-0.5935672514619883,-0.31342067852856176,0.9335141409899883,0.8947368421052632,0.46826600934719487,3.713572066704308,0,105
174.0,53.0,-0.6513409961685823,-0.21795275247640983,0.8062098331079143,0.8390804597701149,0.4198538455602643,3.9889840465642745,0,106
224.0,58.0,-0.6175595238095238,-0.03138510010794082,0.6262558625495257,0.8883928571428571,0.25131442828090567,4.07753744390572,0,107
279.0,59.0,-0.6486260454002389,-0.027803454920207527,0.44463736049825003,0.8853046594982079,0.21868920096482913,4.0943445622221,0,108
365.0,59.0,-0.6431963470319635,-0.004020825239181902,0.28317723217300894,0.8821917808219178,0.2678437302321166,4.0943445622221,0,109
360.0,60.0,-0.6224999999999999,0.013960638747242071,0.18475691988067988,0.8777777777777778,-0.013755375068485343,4.110873864173311,0,110
180.0,51.0,-0.512962962962963,0.12514450118110443,0.18530454850056383,0.8666666666666667,-0.6903809270670545,3.9512437185814275,0,111
204.0,51.0,-0.35310457516339866,0.23978186150157677,0.28261790924987185,0.8578431372549019,0.12451294787258238,3.9512437185814275,0,112
173.0,53.0,-0.1973025048169557,0.29888667455849816,0.4574862861648394,0.8670520231213873,-0.16395467992387935,3.9889840465642745,0,113
194.0,53.0,-0.11993127147766322,0.23452540950344244,0.5071684096734613,0.8298969072164949,0.1139442593492177,3.9889840465642745,0,114
146.0,48.0,-0.19611872146118722,0.027327395691485235,0.4988638609682125,0.8835616438356164,-0.2825669717850108,3.8918202981106265,0,115
160.0,50.0,-0.03916666666666667,0.13195083258526863,0.4703254204758099,0.8875,0.0909717782057271,3.9318256327243257,0,116
117.0,44.0,0.0754985754985755,0.19390412870041446,0.43222854950156425,0.811965811965812,-0.310719740518798,3.8066624897703196,0,117
99.0,42.0,-0.006734006734006735,0.046528264142419326,0.33904544531869973,0.8787878787878788,-0.1655144384775733,3.7612001156935624,0,118
82.0,40.0,0.17479674796747965,0.16493078060151223,0.3121161916481549,0.8536585365853658,-0.18632957819149354,3.713572066704308,0,119
94.0,42.0,0.026950354609929075,0.0,0.0,0.8936170212765957,0.0,3.7612001156935624,1,0
94.0,42.0,0.026950354609929075,0.0,0.0,0.8936170212765957,0.0,3.7612001156935624,1,1
94.0,42.0,0.026950354609929075,0.0,0.0,0.8936170212765957,0.0,3.7612001156935624,1,2
78.0,36.0,0.20085470085470084,0.17390434624477175,0.0,0.8846153846153846,-0.18442903913351927,3.6109179126442243,1,3
49.0,32.0,0.19387755102040816,0.10895908099555517,0.0,0.8775510204081632,-0.45742484703887554,3.4965075614664802,1,4
48.0,29.0,0.08402777777777777,-0.056533091050568265,0.017567169063993415,0.8333333333333334,-0.020202707317519497,3.4011973816621555,1,5
59.0,31.0,0.08757062146892654,-0.0720160550820357,0.0641587947690763,0.8813559322033898,0.20252426411147395,3.4657359027997265,1,6
61.0,32.0,0.12622950819672132,0.004404191441017183,0.03520893680750407,0.7868852459016393,0.032789822822991255,3.4965075614664802,1,7
86.0,44.0,0.2244186046511628,0.12514263550335425,0.052870219513894125,0.8604651162790697,0.33877373360949203,3.8066624897703196,1,8
79.0,37.0,0.1371308016877637,-0.008942109751173183,0.029541997053391306,0.8734177215189873,-0.0838814839807025,3.6375861597263857,1,9
62.0,35.0,0.2693548387096774,0.10676186719779482,0.019774243489102707,0.8225806451612904,-0.23889190828234863,3.58351893845611,1,10
47.0,32.0,0.06382978723404255,-0.14647162778215878,0.06173171317810545,0.7659574468085106,-0.2719337154836414,3.4965075614664802,1,11
64.0,34.0,0.10416666666666667,-0.05260514254382788,0.11147698211675029,0.875,0.30318625898774565,3.5553480614894135,1,12
75.0,37.0,0.24622222222222226,0.10043845801876006,0.10608823386068812,0.96,0.15634607039069426,3.6375861597263857,1,13
76.0,39.0,0.07412280701754385,-0.06395008502343331,0.038461273416836944,0.881578947368421,0.013072081567353067,3.6888794541139363,1,14
74.0,40.0,0.24684684684684682,0.10534294821136922,0.02228787961200889,0.7972972972972973,-0.026317308317374,3.713572066704308,1,15
70.0,36.0,0.14333333333333334,-0.04573062536220429,0.11418990043752626,0.8,-0.05480823649499467,3.6109179126442243,1,16
76.0,38.0,0.17149122807017544,0.01672356567093411,0.06059912382977909,0.8289473684210527,0.08112554481236867,3.6635616461296463,1,17
57.0,34.0,0.26608187134502925,0.07885806859491074,0.18753161572917815,0.8070175438596491,-0.283362411307265,3.5553480614894135,1,18
48.0,32.0,0.19791666666666666,0.004281189083820636,0.11118191546527305,0.9375,-0.16862271243579263,3.4965075614664802,1,19
68.0,42.0,0.28921568627450983,0.07738576424721938,0.04930599613819647,0.8676470588235294,0.3422862064866332,3.7612001156935624,1,20
59.0,40.0,0.1807909604519774,-0.0702804476434245,0.06944274719141887,0.8305084745762712,-0.13976194237515926,3.713572066704308,1,21
85.0,40.0,0.18588235294117647,-0.03675875152320818,0.04238671017414931,0.8470588235294118,0.3600027340314069,3.713572066704308,1,22
58.0,37.0,0.21264367816091956,-0.005985988394968361,0.04288750691049271,0.9137931034482759,-0.37680985234778763,3.6375861597263857,1,23
45.0,33.0,0.4444444444444444,0.25133878059308656,0.07243205214420696,0.8222222222222222,-0.24889604741662463,3.5263605246161616,1,24
29.0,22.0,0.21839080459770113,-0.06259935391781238,0.11525024270401056,0.7931034482758621,-0.4274440148269396,3.1354942159291497,1,25
48.0,28.0,0.23611111111111113,-0.05571519795657723,0.04044650024104767,0.8541666666666666,0.490622916448471,3.367295829986474,1,26
61.0,34.0,0.21311475409836064,-0.0865340326193916,0.09301699050258444,0.8524590163934426,0.2353140869344652,3.5553480614894135,1,27
83.0,45.0,0.15100401606425704,-0.07153487387146729,0.06871801628336931,0.8433734939759037,0.3036824137982217,3.828641396489095,1,28
72.0,40.0,0.1388888888888889,-0.06118773820235404,0.029351037520377356,0.875,-0.1403573576949224,3.713572066704308,1,29
91.0,41.0,0.06483516483516484,-0.10283405484867068,0.049674164309462504,0.9010989010989011,0.23132913590064952,3.7376696182833684,1,30
66.0,35.0,0.16666666666666666,0.04842397673722974,0.051624358298337045,0.9242424242424242,-0.31709595765807475,3.58351893845611,1,31
60.0,35.0,0.041666666666666664,-0.0817969067969068,0.04421500369692574,0.95,-0.09381875521765437,3.58351893845611,1,32
45.0,31.0,0.35555555555555557,0.2644993894993895,0.2201967793249192,0.8444444444444444,-0.2822324676842163,3.4657359027997265,1,33
66.0,35.0,0.2772727272727273,0.08930976430976431,0.039117687519426216,0.9242424242424242,0.37605122290187065,3.58351893845611,1,34
73.0,38.0,0.12100456621004567,-0.10382708362160416,0.06696492481103804,0.8767123287671232,0.09937247381320446,3.6635616461296463,1,35
75.0,40.0,0.16666666666666666,-0.08461094967944285,0.3074921285043153,0.6933333333333334,0.026668247082160867,3.713572066704308,1,36
87.0,43.0,0.005747126436781609,-0.18256752694636494,0.48150021561551815,0.7931034482758621,0.1466034741918758,3.784189633918261,1,37
56.0,29.0,-0.023809523809523808,-0.12161564358068845,0.18624929321360262,0.8392857142857143,-0.4342855466436566,3.4011973816621555,1,38
46.0,28.0,0.010869565217391299,-0.038665191213916844,0.13814485149945827,0.782608695652174,-0.19290366612449183,3.367295829986474,1,39
49.0,32.0,0.1904761904761905,0.1928738011946408,0.11989736489505778,0.8979591836734694,0.06187540371808753,3.4965075614664802,1,40
58.0,35.0,0.1028735632183908,0.043694819257038144,0.1275558075353132,0.8620689655172413,0.16551443847757374,3.58351893845611,1,41
66.0,31.0,0.3570707070707071,0.2556642674333829,0.18891410035776143,0.9090909090909091,0.12715517548524602,3.4657359027997265,1,42
78.0,39.0,0.47863247863247865,0.26182565837738253,0.42761004364531624,0.8461538461538461,0.16475523307605577,3.6888794541139363,1,43
72.0,38.0,0.7222222222222222,0.40936330591503,0.598674313244374,0.875,-0.07898841131863055,3.6635616461296463,1,44
68.0,38.0,0.7058823529411765,0.1865738836327071,0.912000396103463,0.8382352941176471,-0.05635293655113127,3.6635616461296463,1,45
70.0,37.0,0.6642857142857143,0.028706696353755112,0.8266227558578176,0.7714285714285715,0.028573372444055778,3.6375861597263857,1,46
93.0,40.0,0.7025089605734767,0.005045530757105676,0.7001583132960598,0.8064516129032258,0.28061490522868837,3.713572066704308,1,47
160.0,47.0,0.73125,0.04035765739987751,0.48371856470067065,0.875,0.5381095827144593,3.871201010907891,1,48
167.0,48.0,0.7431137724550898,0.0437655475020261,0.33471582182795073,0.8922155688622755,0.04255961441879563,3.8918202981106265,1,49
233.0,51.0,0.7625178826895564,0.0368936383467009,0.21426947785305897,0.8583690987124464,0.33135713595444294,3.9512437185814275,1,50
176.0,48.0,0.7329545454545454,-0.012672672927003359,0.09195856072359662,0.8181818181818182,-0.2791713827838729,3.8918202981106265,1,51
127.0,47.0,0.6719160104986877,-0.07427938970104286,0.2408716282764457,0.84251968503937,-0.32411946865421193,3.871201010907891,1,52
133.0,46.0,0.6624060150375939,-0.06005679784333595,0.4146211291994918,0.8345864661654135,0.04580953603129423,3.8501476017100584,1,53
82.0,41.0,0.5386178861788617,-0.15047430415141394,0.44806682182966884,0.8658536585365854,-0.47899919215431286,3.7376696182833684,1,54
91.0,44.0,0.44798534798534795,-0.17632795591969985,0.5396674223470111,0.8681318681318682,0.1029479692524422,3.8066624897703196,1,55
115.0,43.0,0.40144927536231884,-0.14822047437161573,0.5350126129963375,0.8695652173913043,0.23180161405732402,3.784189633918261,1,56
127.0,45.0,0.31627296587926507,-0.14641120396291113,0.42551307737675687,0.84251968503937,0.0984400728132524,3.828641396489095,1,57
122.0,46.0,0.31010928961748635,-0.07845990679149095,0.3614095114066501,0.8688524590163934,-0.039845908547199826,3.8501476017100584,1,58
70.0,32.0,0.15285714285714286,-0.18975336742921395,0.34277238892793394,0.9285714285714286,-0.5495044783311016,3.4965075614664802,1,59
64.0,29.0,0.3567708333333333,0.09702436721536856,0.26200396752338817,0.828125,-0.08829260714567866,3.4011973816621555,1,60
74.0,36.0,0.15990990990990991,-0.11333584535941096,0.19665053760529252,0.9054054054054054,0.14310084364067333,3.6109179126442243,1,61
83.0,44.0,0.20281124497991967,-0.020368050386875697,0.20119664548436478,0.8192771084337349,0.11332868530700324,3.8066624897703196,1,62
89.0,38.0,0.18501872659176033,-0.054811936149294,0.1525706954590071,0.9213483146067416,0.06899287148695166,3.6635616461296463,1,63
61.0,34.0,0.13661202185792348,-0.04596793863593987,0.1729374795101874,0.7540983606557377,-0.37267528528517335,3.5553480614894135,1,64
72.0,38.0,0.2777777777777778,0.10296377996790992,0.20758184164419125,0.9027777777777778,0.16332505610329928,3.6635616461296463,1,65
70.0,38.0,0.13952380952380952,-0.06027903255201106,0.08194912637939308,0.8428571428571429,-0.027779564107075494,3.6635616461296463,1,66
59.0,33.0,0.38079096045197736,0.19615309073214038,0.07823335263227894,0.8135593220338984,-0.16833531481921504,3.5263605246161616,1,67
56.0,31.0,0.1288265306122449,-0.13720431863894336,0.09391977574322173,0.7678571428571429,-0.05129329438755015,3.4657359027997265,1,68
71.0,32.0,0.07136150234741784,-0.14501893118192613,0.08335674856198004,0.8169014084507042,0.23361485118150505,3.4965075614664802,1,69
73.0,33.0,0.062100456621004566,-0.13155920784954217,0.05976233976018879,0.863013698630137,0.027398974188114877,3.5263605246161616,1,70
83.0,37.0,0.05542168674698795,-0.032007809779901204,0.07090976710309843,0.8674698795180723,0.12675170563914318,3.6375861597263857,1,71
50.0,30.0,0.256,0.19303878476152983,0.04284844747510009,0.88,-0.49899116611898764,3.4339872044851463,1,72
39.0,26.0,0.06324786324786325,-0.061259517874800995,0.1405134886202115,0.7692307692307693,-0.24294617861038947,3.295836866004329,1,73
32.0,21.0,0.010416666666666664,-0.11447318333161713,0.15423976098346193,0.9375,-0.19237189264745602,3.091042453358316,1,74
52.0,29.0,0.1794871794871795,0.06959900284900276,0.04058456420084691,0.8846153846153846,0.47378435208564174,3.4011973816621555,1,75
52.0,28.0,-0.05961538461538462,-0.14399928774928783,0.030391256668645582,0.8461538461538461,0.0,3.367295829986474,1,76
58.0,33.0,0.19827586206896552,0.15484637488947828,0.06597208066244804,0.8448275862068966,0.10724553035359774,3.5263605246161616,1,77
71.0,35.0,0.14084507042253522,0.03479585144228167,0.04852918822495352,0.8873239436619719,0.1991286751103356,3.58351893845611,1,78
60.0,31.0,0.19333333333333333,0.10016481737462787,0.1839586587864415,0.7833333333333333,-0.16579225484274396,3.4657359027997265,1,79
43.0,26.0,0.3643410852713178,0.18685632999637303,0.10054087564222108,0.7674418604651163,-0.32668423025505033,3.295836866004329,1,80
51.0,27.0,0.13333333333333333,-0.09950649634239556,0.0606899859378595,0.8627450980392157,0.1670540846631665,3.332204510175204,1,81
47.0,26.0,0.0921985815602837,-0.13813733575237785,0.0853524839048549,0.9148936170212766,-0.08004270767353638,3.295836866004329,1,82
71.0,36.0,0.1267605633802817,-0.06986377000802999,0.10094784289090847,0.9295774647887324,0.40546510810816416,3.6109179126442243,1,83
69.0,35.0,0.052657004830917876,-0.06477382126038175,0.0483663474156483,0.9130434782608695,-0.028170876966695957,3.58351893845611,1,84
79.0,35.0,0.18438818565400844,0.09384946906351395,0.06886500349221938,0.8354430379746836,0.13353139262452185,3.58351893845611,1,85
47.0,31.0,0.2198581560283688,0.09858957140663274,0.12203810196470477,0.9361702127659575,-0.5108256237659901,3.4657359027997265,1,86
60.0,30.0,0.18333333333333332,0.03103221782890153,0.10610981633657476,0.7666666666666667,0.2396728532654202,3.4339872044851463,1,87
50.0,29.0,0.19333333333333333,-0.0025265583385702395,0.08631296740602601,0.94,-0.17904823144898563,3.4011973816621555,1,88
55.0,31.0,0.12727272727272726,-0.07156888029228464,0.008710294670420103,0.8727272727272727,0.09352605801082392,3.4657359027997265,1,89
72.0,36.0,0.22685185185185183,0.0588720538720538,0.05466427060049475,0.7638888888888888,0.2651077504132413,3.6109179126442243,1,90
80.0,41.0,0.1575,-0.024985970819304204,0.029920416759315012,0.7625,0.10398971352404818,3.7376696182833684,1,91
57.0,35.0,-0.023391812865497075,-0.19393333924035683,0.04287404325986407,0.8947368421052632,-0.33400614412602003,3.58351893845611,1,92
54.0,31.0,0.43209876543209874,0.3117787524366471,0.2057015001745783,0.8333333333333334,-0.05310982531394792,3.4657359027997265,1,93
36.0,27.0,0.4425925925925926,0.25385694173705864,0.45535197557751417,0.75,-0.3964152725882468,3.332204510175204,1,94
51.0,34.0,0.7843137254901961,0.5005472104371312,0.5989001820371758,0.8823529411764706,0.3403258059372032,3.5553480614894135,1,95
79.0,33.0,0.6329113924050633,0.07990969790010083,0.9746045043578776,0.8860759493670886,0.43078291609245367,3.5263605246161616,1,96
104.0,39.0,0.7451923076923077,0.12525307086302373,0.8569736194145281,0.875,0.27193371548364187,3.6888794541139363,1,97
154.0,41.0,0.7528138528138528,0.03200804428466364,0.6234633897110828,0.8571428571428571,0.3894647667617237,3.7376696182833684,1,98
211.0,48.0,0.7677725118483413,0.057466660877933395,0.5567454453004432,0.8720379146919431,0.31316115775276554,3.8918202981106265,1,99
179.0,45.0,0.7858472998137802,0.03058774236227957,0.2832837721339899,0.8435754189944135,-0.1636294237818019,3.828641396489095,1,100
194.0,45.0,0.7525773195876289,-0.01623390190436258,0.24035674965785195,0.8814432989690721,0.08004270767353638,3.828641396489095,1,101
163.0,43.0,0.7770961145194274,0.008363737436177354,0.13645880217440248,0.8404907975460123,-0.17313313073954806,3.784189633918261,1,102
121.0,42.0,0.6859504132231405,-0.08588983141713824,0.3092606726170893,0.9008264462809917,-0.295845383090942,3.7612001156935624,1,103
134.0,44.0,0.6268656716417911,-0.11167561080160793,0.35843315130387876,0.8731343283582089,0.10125373370517288,3.8066624897703196,1,104
167.0,47.0,0.4816367265469062,-0.21500067324788025,0.4729452027280704,0.8682634730538922,0.21868920096482913,3.871201010907891,1,105
169.0,50.0,0.4398422090729783,-0.15830872806430102,0.4219636862769659,0.8402366863905325,0.011834457647003305,3.9318256327243257,1,106
95.0,39.0,0.3508771929824562,-0.16523767610476897,0.46610390856625644,0.968421052631579,-0.571450245582426,3.6888794541139363,1,107
60.0,33.0,0.125,-0.2991187095341135,0.4582320427557299,0.95,-0.45347432729452475,3.5263605246161616,1,108
89.0,38.0,0.33220973782771535,0.02696993714257051,0.3819717250367005,0.8539325842696629,0.38893580615695367,3.6635616461296463,1,109
64.0,27.0,0.2609375,-0.008424810270057148,0.33822359296737364,0.921875,-0.3254224004346282,3.332204510175204,1,110
61.0,29.0,0.24043715846994534,0.0010547458607068905,0.30456375890574505,0.9016393442622951,-0.04725288485054513,3.4011973816621555,1,111
78.0,35.0,0.25213675213675213,-0.02572471329580145,0.23242955339467716,0.8717948717948718,0.24231346742192983,3.58351893845611,1,112
94.0,38.0,0.349645390070922,0.0984749198686895,0.22276969008823083,0.8191489361702128,0.18442903913351927,3.6635616461296463,1,113
69.0,35.0,0.24830917874396136,-0.032430588148578465,0.13902827590023953,0.8985507246376812,-0.3053816495511814,3.58351893845611,1,114
59.0,32.0,0.3220338983050847,0.03867012465453956,0.09233438782463359,0.8135593220338984,-0.15415067982725894,3.4965075614664802,1,115
42.0,22.0,0.24603174603174605,-0.06063107634157666,0.17888070966726421,0.9047619047619048,-0.33314444652853803,3.1354942159291497,1,116
53.0,30.0,0.12578616352201258,-0.1463387775049181,0.08608823434880336,0.7547169811320755,0.22778393087071214,3.4339872044851463,1,117
63.0,33.0,0.16084656084656085,-0.07043737510638695,0.07342239675517406,0.9206349206349206,0.16989903679539697,3.5263605246161616,1,118
77.0,36.0,0.2645021645021645,0.08694734103539134,0.18788520321446545,0.8571428571428571,0.1978257433299202,3.6109179126442243,1,119
69.0,42.0,0.12077294685990339,0.0,0.0,0.8695652173913043,0.0,3.7612001156935624,2,0
69.0,42.0,0.12077294685990339,0.0,0.0,0.8695652173913043,0.0,3.7612001156935624,2,1
69.0,42.0,0.12077294685990339,0.0,0.0,0.8695652173913043,0.0,3.7612001156935624,2,2
89.0,46.0,0.12059925093632957,-0.00017369592357381614,0.0,0.8764044943820225,0.25131442828090567,3.8501476017100584,2,3
69.0,35.0,0.19806763285024154,0.07735258463152943,0.0,0.8115942028985508,-0.25131442828090567,3.58351893845611,2,4
112.0,49.0,0.2089285714285714,0.06244862787974656,0.08558709760499682,0.875,0.47889257666298146,3.912023005428146,2,5
103.0,46.0,0.037216828478964396,-0.13864832325941642,0.07704875588164195,0.8446601941747572,-0.08299691957096833,3.8501476017100584,2,6
95.0,44.0,0.15157894736842106,0.0035079364491619747,0.11512910639149845,0.8315789473684211,-0.08004270767353638,3.8066624897703196,2,7
65.0,33.0,0.08512820512820513,-0.04744657729711382,0.08512325531041293,0.8461538461538461,-0.3746934494414109,3.5263605246161616,2,8
83.0,40.0,0.26706827309236947,0.17576027943383926,0.09251656553469932,0.9156626506024096,0.24116205681688818,3.713572066704308,2,9
62.0,35.0,0.07849462365591398,-0.08943051820708459,0.16960295578198714,0.9516129032258065,-0.2876820724517808,3.58351893845611,2,10
80.0,38.0,0.05791666666666666,-0.08564703395882954,0.08934148293494337,0.9,0.25131442828090655,3.6635616461296463,2,11
86.0,36.0,0.27674418604651163,0.14225099824152826,0.06671808522867584,0.8372093023255814,0.07145896398214457,3.6109179126442243,2,12
95.0,43.0,0.13157894736842105,-0.006139544754609705,0.15569461960632186,0.8736842105263158,0.0984400728132524,3.784189633918261,2,13
102.0,36.0,0.06372549019607843,-0.09168777649778803,0.11335661921852896,0.8627450980392157,0.07038079676179976,3.6109179126442243,2,14
50.0,35.0,0.2633333333333333,0.10598379212966294,0.040204555349083224,0.86,-0.7029033555053101,3.58351893845611,2,15
70.0,36.0,0.24523809523809526,0.092358838272151,0.0814637302144148,0.9428571428571428,0.33085424431698973,3.6109179126442243,2,16
55.0,37.0,0.10909090909090909,-0.08167473049825992,0.014298245683773855,0.8545454545454545,-0.2373281863061658,3.6375861597263857,2,17
84.0,42.0,0.07936507936507936,-0.12652236652236654,0.045999455960707814,0.9404761904761905,0.417299565755167,3.7612001156935624,2,18
94.0,38.0,0.07127659574468086,-0.0732880988200137,0.06514306884682336,0.8723404255319149,0.1112256351102241,3.6635616461296463,2,19
99.0,49.0,0.13468013468013468,0.048102606613244905,0.09896571007086605,0.898989898989899,0.051293294387551036,3.912023005428146,2,20
114.0,48.0,0.2584795321637427,0.1633722622337777,0.07621239160748605,0.8508771929824561,0.13976194237515838,3.8918202981106265,2,21
82.0,38.0,0.17682926829268292,0.022017180763163502,0.13840706692850085,0.8902439024390244,-0.3260915205666519,3.6635616461296463,2,22
50.0,35.0,0.11199999999999999,-0.0779963117121868,0.08620438073421946,0.84,-0.48701497507227254,3.58351893845611,2,23
78.0,39.0,0.25854700854700857,0.07611074172820004,0.09568742096114631,0.8461538461538461,0.4376222197426958,3.6888794541139363,2,24
98.0,42.0,0.18707482993197277,0.004616070985408949,0.06945816672955117,0.8979591836734694,0.2256719976675683,3.7612001156935624,2,25
85.0,40.0,0.12352941176470589,-0.06234453439495455,0.05327456960050647,0.8352941176470589,-0.14077255388108245,3.713572066704308,2,26
77.0,44.0,0.1735930735930736,-0.016124009821488816,0.031770697718885174,0.8701298701298701,-0.09763846956391564,3.8066624897703196,2,27
74.0,43.0,0.12162162162162163,-0.03977748347496246,0.1446626553535185,0.8783783783783784,-0.03922071315328157,3.784189633918261,2,28
88.0,37.0,0.08522727272727272,-0.05435409626586098,0.0395657483068772,0.8409090909090909,0.17114825619582952,3.6375861597263857,2,29
55.0,32.0,0.15515151515151515,0.02833752583752583,0.16924676221998233,0.8363636363636363,-0.46328467899699,3.4965075614664802,2,30
66.0,41.0,0.23737373737373738,0.11670693420693422,0.1321420989747219,0.8939393939393939,0.17934092865581608,3.7376696182833684,2,31
98.0,46.0,0.055782312925170066,-0.10346852882567166,0.1380205991762795,0.8877551020408163,0.39042723074362407,3.8501476017100584,2,32
84.0,40.0,0.20992063492063492,0.060484779770494046,0.08103033458009656,0.9047619047619048,-0.15246859364427312,3.713572066704308,2,33
81.0,41.0,0.010288065843621397,-0.1574041625628927,0.011566527098540173,0.9259259259259259,-0.03593200922606332,3.7376696182833684,2,34
88.0,43.0,0.01136363636363636,-0.08063336819950578,0.12299032214577435,0.8863636363636364,0.0819171224678863,3.784189633918261,2,35
56.0,36.0,0.05119047619047618,-0.026000302852154704,0.11071567697260892,0.875,-0.4455851018975894,3.6109179126442243,2,36
43.0,30.0,0.24031007751937986,0.21602935138680188,0.13978907266457324,0.7441860465116279,-0.25886163391628925,3.4339872044851463,2,37
76.0,36.0,0.014912280701754385,-0.08604244932274308,0.09556160925016631,0.881578947368421,0.5596157879354231,3.6109179126442243,2,38
95.0,45.0,0.19228070175438597,0.09014309028384916,0.03865201624101572,0.8526315789473684,0.22054276961415198,3.828641396489095,2,39
142.0,55.0,0.11924882629107982,-0.029918860367426928,0.08583047051808838,0.8098591549295775,0.39849643879207086,4.02535169073515,2,40
99.0,45.0,0.06902356902356901,-0.03979036722550436,0.09065143773440128,0.8181818181818182,-0.35767444427181516,3.828641396489095,2,41
130.0,54.0,0.19794871794871796,0.07109768559237303,0.11374242000847493,0.9,0.2700271372130594,4.007333185232471,2,42
75.0,41.0,0.31244444444444447,0.18370407335665556,0.09559790718842828,0.8266666666666667,-0.5444639829148201,3.7376696182833684,2,43
75.0,38.0,0.1391111111111111,-0.05402779936113272,0.10986528586089644,0.88,0.0,3.6635616461296463,2,44
83.0,39.0,0.2397590361445783,0.02325761164315379,0.030873366760100867,0.891566265060241,0.10008345855698231,3.6888794541139363,2,45
94.0,46.0,0.1875886524822695,-0.04284954475110847,0.0701843896552346,0.8617021276595744,0.1230600927572274,3.8501476017100584,2,46
121.0,52.0,0.1674931129476584,-0.021326486964994562,0.040837517972875645,0.8512396694214877,0.250144153132716,3.970291913552122,2,47
117.0,48.0,0.24415954415954416,0.04587927696804209,0.040631424096601226,0.8974358974358975,-0.03333642026759165,3.8918202981106265,2,48
107.0,49.0,0.1261682242990654,-0.07357887889742529,0.11261686115166647,0.8785046728971962,-0.08855339734144518,3.912023005428146,2,49
67.0,39.0,0.1263681592039801,-0.052905467931442546,0.12103513764577188,0.8507462686567164,-0.46262352194811296,3.6888794541139363,2,50
85.0,45.0,0.12509803921568627,-0.04046727000517697,0.08321616203090149,0.9058823529411765,0.23483959107740038,3.828641396489095,2,51
64.0,35.0,0.078125,-0.04775314090624394,0.12368245906956593,0.890625,-0.27996002635787054,3.58351893845611,2,52
115.0,51.0,0.14637681159420288,0.03651307878764744,0.0869486583796071,0.8782608695652174,0.5792029212107277,3.9512437185814275,2,53
106.0,47.0,0.15471698113207547,0.03818369752877908,0.10886583264317888,0.8773584905660378,-0.08076135664445871,3.871201010907891,2,54
105.0,48.0,0.19365079365079363,0.06724452940870085,0.07605889168417848,0.8571428571428571,-0.00938974034983886,3.8918202981106265,2,55
72.0,40.0,0.30046296296296293,0.13554810083727228,0.06246997653369053,0.875,-0.37297965296367597,3.713572066704308,2,56
87.0,47.0,0.003448275862068966,-0.21282863671987504,0.51891822572166,0.9195402298850575,0.1868773733298159,3.871201010907891,2,57
69.0,40.0,-0.07246376811594203,-0.2383177789412172,0.6874663055339613,0.855072463768116,-0.2288415724288475,3.713572066704308,2,58
97.0,46.0,-0.352233676975945,-0.42938283387897497,0.9007941310412548,0.8762886597938144,0.33647223662121295,3.8501476017100584,2,59
121.0,50.0,-0.5677685950413224,-0.42735220529804974,1.0763654896673962,0.8677685950413223,0.21905356606268445,3.9318256327243257,2,60
201.0,61.0,-0.5792703150912106,-0.24844830171347415,0.9404512611632709,0.8258706467661692,0.5042466526679483,4.127134385045092,2,61
262.0,65.0,-0.6563613231552163,-0.156603794119057,0.7003055308883437,0.8625954198473282,0.26388633477655965,4.189654742026425,2,62
293.0,64.0,-0.6064846416382252,-0.005351230542308794,0.5034827549096652,0.9010238907849829,0.1114257351609167,4.174387269895637,2,63
197.0,58.0,-0.6607445008460237,-0.04670574088447288,0.3104238882104354,0.883248730964467,-0.39531273664414623,4.07753744390572,2,64
289.0,66.0,-0.6437139561707036,-0.0025171342908818506,0.2184527396245178,0.8927335640138409,0.3816138922859844,4.204692619390966,2,65
334.0,64.0,-0.46896207584830335,0.16801895703668085,0.1196622415699066,0.8892215568862275,0.14424960884454663,4.174387269895637,2,66
237.0,64.0,-0.3477195097448262,0.24342066787685063,0.2291200277445187,0.8565400843881856,-0.3418598581535912,4.174387269895637,2,67
178.0,59.0,-0.23295880149812734,0.2538397124231504,0.3451125974779733,0.8820224719101124,-0.2848848678307201,4.0943445622221,2,68
222.0,59.0,-0.09834834834834834,0.25153178068207066,0.3756530455222519,0.8963963963963963,0.21978596561936392,4.0943445622221,2,69
203.0,59.0,-0.008702791461412151,0.21763942840235517,0.4572365824908138,0.8768472906403941,-0.08905177761590277,4.0943445622221,2,70
137.0,55.0,-0.09975669099756691,0.013579956105062352,0.4931117475912372,0.8540145985401459,-0.390866308687011,4.02535169073515,2,71
117.0,49.0,-0.01566951566951567,0.053266427932926796,0.4256282848485498,0.811965811965812,-0.15656906069153997,3.912023005428146,2,72
135.0,51.0,-0.004691358024691358,0.03668497468480689,0.48171277908584975,0.9111111111111111,0.14197026127038725,3.9512437185814275,2,73
155.0,54.0,-0.0610752688172043,-0.021036080586612986,0.41439087145130005,0.9032258064516129,0.13720112151348474,4.007333185232471,2,74
143.0,59.0,0.053613053613053616,0.08075843445019072,0.34477307909485855,0.8671328671328671,-0.08004270767353638,4.0943445622221,2,75
140.0,48.0,0.10595238095238095,0.11000357202866162,0.3781303058973531,0.8857142857142857,-0.021053409197832273,3.8918202981106265,2,76
107.0,48.0,0.0514018691588785,0.01857181390946841,0.2992503859677349,0.9158878504672897,-0.2666286632539485,3.8918202981106265,2,77
115.0,47.0,0.0052173913043478265,-0.0651050432704232,0.2096946962089595,0.8956521739130435,0.07145896398214457,3.871201010907891,2,78
106.0,50.0,0.003414195867026055,-0.05077635127150971,0.2304094705528985,0.9339622641509434,-0.08076135664445871,3.9318256327243257,2,79
94.0,48.0,0.1723404255319149,0.15232927342183075,0.23387316035681516,0.8936170212765957,-0.11895194286136501,3.8918202981106265,2,80
117.0,50.0,0.1717948717948718,0.1114708675604422,0.18628597036707414,0.8290598290598291,0.21680773286512434,3.9318256327243257,2,81
140.0,53.0,0.0630952380952381,-0.052754592969366146,0.11010429467544944,0.9,0.17807526591250333,3.9889840465642745,2,82
114.0,50.0,0.19298245614035087,0.05723894433300927,0.09901765320888245,0.9473684210526315,-0.20382776201491826,3.9318256327243257,2,83
96.0,40.0,0.371875,0.22925081132317976,0.39678011290719506,0.8854166666666666,-0.17022114985986736,3.713572066704308,2,84
84.0,46.0,0.501984126984127,0.2926665622389306,0.5548382710700116,0.9166666666666666,-0.13205972201306615,3.8501476017100584,2,85
70.0,38.0,0.7095238095238094,0.3539099484823169,0.7664493828500005,0.9142857142857143,-0.1799713794490012,3.6635616461296463,2,86
151.0,47.0,0.7947019867549668,0.2669076745856547,1.0044192352922878,0.8609271523178808,0.761200643804961,3.871201010907891,2,87
164.0,57.0,0.7729674796747967,0.10423083858716231,0.8427721179095254,0.8719512195121951,0.08206495305430384,4.060443010546419,2,88
228.0,65.0,0.7668128654970761,0.0077484401792183855,0.6128954023792687,0.8903508771929824,0.32777652965365967,4.189654742026425,2,89
299.0,66.0,0.7162764771460424,-0.06188430016290425,0.4631299835228134,0.8996655518394648,0.27006047110196096,4.204692619390966,2,90
357.0,64.0,0.7586367880485527,0.0066178472759143014,0.2478014308082983,0.8823529411764706,0.1767505117444994,4.174387269895637,2,91
330.0,66.0,0.7747474747474747,0.027505431183584395,0.13668621266043185,0.8757575757575757,-0.07841461102363745,4.204692619390966,2,92
256.0,64.0,0.7688802083333334,0.01899329501931013,0.10557318003248227,0.8828125,-0.2530422904818428,4.174387269895637,2,93
229.0,59.0,0.6324599708879185,-0.1349615194885352,0.2653137648279255,0.8908296943231441,-0.11099677597202451,4.0943445622221,2,94
287.0,66.0,0.6128919860627178,-0.11247056526019106,0.3255568292416545,0.8501742160278746,0.22488117121275053,4.204692619390966,2,95
250.0,63.0,0.4848,-0.1866107217613231,0.42393731381237637,0.884,-0.13750754100416263,4.1588830833596715,2,96
187.0,58.0,0.4509803921568627,-0.1257369268266827,0.44140154445131824,0.8770053475935828,-0.28901097630183425,4.07753744390572,2,97
178.0,57.0,0.33614232209737827,-0.1800818039758152,0.43739735264787016,0.8764044943820225,-0.0490561569891943,4.060443010546419,2,98
153.0,56.0,0.3627450980392157,-0.06122914004553137,0.45539751132904793,0.9019607843137255,-0.1504332034271254,4.04305126783455,2,99
100.0,52.0,0.2653333333333333,-0.11795593743115224,0.45683870449711905,0.88,-0.42183208557236984,3.970291913552122,2,100
126.0,56.0,0.2656084656084656,-0.05579845221484342,0.3863368318200168,0.873015873015873,0.22906656961733152,4.04305126783455,2,101
134.0,56.0,0.26044776119402985,-0.037447871132974986,0.3416834510931128,0.8731343283582089,0.06108769197983843,4.04305126783455,2,102
117.0,50.0,0.34643874643874645,0.08264222639347019,0.37241325265053393,0.8803418803418803,-0.13459015397276453,3.9318256327243257,2,103
139.0,56.0,0.19784172661870503,-0.09298993112837561,0.259833205776013,0.8992805755395683,0.17095779814363876,4.04305126783455,2,104
121.0,52.0,0.25702479338842976,-0.01121795136206405,0.1811773710426353,0.8760330578512396,-0.1376213778760471,3.970291913552122,2,105
101.0,47.0,0.18085808580858084,-0.08624366967337957,0.23903401469117963,0.8613861386138614,-0.17904823144898607,3.871201010907891,2,106
76.0,40.0,0.3785087719298246,0.1666005699912527,0.3136159894332158,0.868421052631579,-0.28116739143058656,3.713572066704308,2,107
80.0,42.0,0.55625,0.2841194496243883,0.4678972401105316,0.8,0.050643732818755005,3.7612001156935624,2,108
98.0,44.0,0.6326530612244898,0.26078077531168803,0.6609038065376353,0.8163265306122449,0.20067069546215066,3.8066624897703196,2,109
131.0,50.0,0.7137404580152672,0.1912698469638291,1.0209582644593747,0.8854961832061069,0.2876820724517808,3.9318256327243257,2,110
236.0,60.0,0.7175141242937854,0.08329961788053297,0.7300646984451296,0.864406779661017,0.5852582185487609,4.110873864173311,2,111
277.0,65.0,0.75367027677497,0.06570106226378924,0.6272096285113566,0.8736462093862816,0.1595609725555054,4.189654742026425,2,112
271.0,65.0,0.7672816728167282,0.038973386455387504,0.44789168653427935,0.9003690036900369,-0.021819047394639135,4.189654742026425,2,113
277.0,67.0,0.7623345367027677,0.016179178740939992,0.2619876856857732,0.8664259927797834,0.021819047394639135,4.219507705176107,2,114
343.0,66.0,0.7274052478134111,-0.033690247618077596,0.1779320550648919,0.9008746355685131,0.21302054368276124,4.204692619390966,2,115
335.0,67.0,0.7203980099502488,-0.03194247582738685,0.14555218710117923,0.9104477611940298,-0.023530497410193973,4.219507705176107,2,116
307.0,66.0,0.6821932681867535,-0.05451932996872244,0.28424955532284685,0.9055374592833876,-0.08701137698963013,4.204692619390966,2,117
306.0,66.0,0.606318082788671,-0.10368075919480013,0.34646100713706646,0.8790849673202614,-0.0032520353863771945,4.204692619390966,2,118
221.0,59.0,0.39592760180995473,-0.27370885183193644,0.41690433634781887,0.9140271493212669,-0.32417036571491753,4.0943445622221,2,119
70.0,34.0,0.20523809523809525,0.0,0.0,0.8857142857142857,0.0,3.5553480614894135,3,0
70.0,34.0,0.20523809523809525,0.0,0.0,0.8857142857142857,0.0,3.5553480614894135,3,1
70.0,34.0,0.20523809523809525,0.0,0.0,0.8857142857142857,0.0,3.5553480614894135,3,2
103.0,45.0,0.3106796116504854,0.10544151641239016,0.0,0.8349514563106796,0.38171102210005703,3.828641396489095,3,3
65.0,35.0,0.1717948717948718,-0.06859039558068686,0.0,0.8769230769230769,-0.4547361571149473,3.58351893845611,3,4
104.0,46.0,0.2980769230769231,0.06883939684910553,0.07413698728278038,0.8653846153846154,0.4643056081310979,3.8501476017100584,3,5
79.0,39.0,0.17721518987341772,-0.0829686123006757,0.1602617921489896,0.7848101265822784,-0.27193371548364187,3.6888794541139363,3,6
69.0,37.0,0.18115942028985507,-0.03453624129188243,0.08297841699847,0.8695652173913043,-0.13353139262452185,3.6375861597263857,3,7
77.0,35.0,0.17748917748917747,-0.04132800025755448,0.04353869631597898,0.948051948051948,0.10821358464023234,3.58351893845611,3,8
83.0,38.0,-0.014056224899598395,-0.19267748745041516,0.0450682669201959,0.9036144578313253,0.07410797215372167,3.6635616461296463,3,9
81.0,42.0,0.1337448559670782,0.018880731673933462,0.058577046962338064,0.8641975308641975,-0.024097551579060017,3.7612001156935624,3,10
111.0,42.0,0.07957957957957956,-0.019479689939306197,0.09238611110879869,0.8288288288288288,0.3117796240308408,3.7612001156935624,3,11
98.0,45.0,0.21598639455782315,0.14956365767547003,0.07545661020127417,0.8061224489795918,-0.12337902116050437,3.828641396489095,3,12
73.0,34.0,0.18264840182648404,0.03954479179165707,0.016590461126153068,0.9041095890410958,-0.2910547569304196,3.5553480614894135,3,13
70.0,38.0,0.24428571428571424,0.08488092229775202,0.0485316872040994,0.8714285714285714,-0.04138521616285473,3.6635616461296463,3,14
50.0,34.0,0.21666666666666667,0.002359829776659522,0.048735122657587865,0.84,-0.33085424431698973,3.5553480614894135,3,15
99.0,37.0,0.1277056277056277,-0.08682796655399397,0.03623773932754479,0.8181818181818182,0.6733445532637661,3.6375861597263857,3,16
108.0,47.0,0.17592592592592593,-0.02029341029341028,0.029345395942354316,0.8425925925925926,0.08617769624105165,3.871201010907891,3,17
91.0,41.0,0.20219780219780217,0.02876506209839541,0.0608598372082471,0.8461538461538461,-0.16955930518010298,3.7376696182833684,3,18
108.0,51.0,0.12345679012345678,-0.04515299515299517,0.04493819689669445,0.8796296296296297,0.16955930518010298,3.9512437185814275,3,19
76.0,37.0,0.017543859649122806,-0.14964964643327214,0.026750737185338075,0.9078947368421053,-0.34754246037545933,3.6375861597263857,3,20
76.0,36.0,0.2236842105263158,0.10928472653618852,0.024030331419559455,0.8289473684210527,0.0,3.6109179126442243,3,21
57.0,34.0,0.30618212197159567,0.18462050187196388,0.045289471007797635,0.8421052631578947,-0.283362411307265,3.5553480614894135,3,22
71.0,40.0,0.192018779342723,0.009548715293711568,0.04933244864461754,0.9295774647887324,0.21622310846963622,3.713572066704308,3,23
110.0,48.0,0.15666666666666668,-0.08396170394687813,0.03793782587604058,0.9272727272727272,0.4328640822962786,3.8918202981106265,3,24
90.0,37.0,0.22999999999999998,0.011710810673004862,0.04445521223718021,0.8777777777777778,-0.19867069479548416,3.6375861597263857,3,25
109.0,42.0,0.22110091743119267,0.028205768761396133,0.07532585505739084,0.8899082568807339,0.18962085927556682,3.7612001156935624,3,26
71.0,35.0,0.09295774647887324,-0.10963144822041322,0.11284169159196526,0.7887323943661971,-0.42381424677636126,3.58351893845611,3,27
62.0,33.0,0.04032258064516129,-0.14103030732486066,0.05188856903693835,0.8870967741935484,-0.13353139262452274,3.5263605246161616,3,28
58.0,34.0,0.3017241379310345,0.18359705641262541,0.05044571313893667,0.9137931034482759,-0.06559728248581287,3.5553480614894135,3,29
76.0,37.0,0.17982456140350878,0.034823073051819114,0.04896113926530943,0.8947368421052632,0.2662679779479644,3.6375861597263857,3,30
76.0,34.0,0.19078947368421054,0.016832380357642368,0.056614698027936214,0.9078947368421053,0.0,3.5553480614894135,3,31
92.0,41.0,0.18442028985507244,-0.03969243448451215,0.05584881131867188,0.9347826086956522,0.18879407129957215,3.7376696182833684,3,32
100.0,45.0,0.257,0.07198855835240278,0.034413970716335875,0.88,0.0825210236880034,3.828641396489095,3,33
68.0,38.0,0.25,0.03926341215357235,0.03579752991618308,0.8823529411764706,-0.381014012244,3.6635616461296463,3,34
73.0,39.0,0.17671232876712328,-0.053761101184567534,0.059298601756180166,0.8767123287671232,0.06995858860691051,3.6888794541139363,3,35
73.0,40.0,0.2273972602739726,-0.0005068493150684472,0.11891172971952976,0.8082191780821918,0.0,3.713572066704308,3,36
85.0,39.0,0.14313725490196078,-0.0748992747784045,0.04431902319683601,0.8588235294117647,0.15028220304933715,3.6888794541139363,3,37
83.0,40.0,0.08714859437751005,-0.0952670202701755,0.05277211237858548,0.891566265060241,-0.023530497410193973,3.713572066704308,3,38
107.0,44.0,0.11059190031152649,-0.04196913620628798,0.004829934995813535,0.8691588785046729,0.25131442828090655,3.8066624897703196,3,39
104.0,42.0,0.12980769230769232,0.016181775777359894,0.020079343217979672,0.9134615384615384,-0.028170876966696845,3.7612001156935624,3,40
85.0,37.0,0.17647058823529413,0.06728785923638451,0.07314844745387242,0.8470588235294118,-0.19961305390401574,3.6375861597263857,3,41
61.0,32.0,0.13114754098360656,-0.0078091859678977305,0.06147715104933514,0.9016393442622951,-0.32721291120841567,3.4965075614664802,3,42
65.0,35.0,0.1564102564102564,0.010601649234725424,0.048249411767001815,0.8,0.06252035698133351,3.58351893845611,3,43
81.0,39.0,0.27983539094650206,0.1251592624034497,0.04499778790825025,0.8024691358024691,0.21706450523782816,3.6888794541139363,3,44
89.0,41.0,0.250936329588015,0.061805266807893305,0.05679068408701396,0.7865168539325843,0.09309042306601167,3.7376696182833684,3,45
87.0,39.0,0.07662835249042145,-0.15243230649116968,0.013562935461419772,0.8620689655172413,-0.02247285585205816,3.6888794541139363,3,46
90.0,45.0,0.1925925925925926,-0.009874098415720234,0.08814872219164804,0.8888888888888888,0.03352269203864289,3.828641396489095,3,47
94.0,44.0,0.11879432624113474,-0.054591431982541586,0.04539564758367589,0.8723404255319149,0.04301738508369102,3.8066624897703196,3,48
83.0,38.0,0.1844520940906483,0.05511367031593206,0.020430556633616946,0.8795180722891566,-0.1230600927572274,3.6635616461296463,3,49
81.0,39.0,0.19547325102880658,0.030193580054014707,0.04304025050699435,0.9012345679012346,-0.024097551579060017,3.6888794541139363,3,50
78.0,44.0,0.17905982905982906,0.01281993860629918,0.11986607689649328,0.9102564102564102,-0.03727139479723185,3.8066624897703196,3,51
105.0,49.0,0.14476190476190476,-0.04156648663118989,0.035329447554847224,0.819047619047619,0.2939912416450454,3.912023005428146,3,52
110.0,43.0,0.1409090909090909,-0.03218923737442256,0.023119825413252203,0.8545454545454545,0.04609110720026699,3.784189633918261,3,53
87.0,45.0,0.23256704980842913,0.07765677489815423,0.1085131888558787,0.9080459770114943,-0.23219338683412705,3.828641396489095,3,54
78.0,37.0,0.09572649572649573,-0.07701951943331252,0.08151907945427052,0.7948717948717948,-0.10788896201118536,3.6375861597263857,3,55
79.0,37.0,0.1569620253164557,0.0005611465017837935,0.06498047157308998,0.8354430379746836,0.012578782206859707,3.6375861597263857,3,56
56.0,28.0,0.22916666666666669,0.0674148097162065,0.06622327244448369,0.9107142857142857,-0.33897536683933094,3.367295829986474,3,57
54.0,34.0,0.06172839506172839,-0.09889000084147764,0.17507942556634876,0.8518518518518519,-0.03571808260207909,3.5553480614894135,3,58
103.0,43.0,0.24271844660194175,0.09343275092032483,0.10011665930387574,0.8446601941747572,0.6370577139089013,3.784189633918261,3,59
116.0,46.0,0.14367816091954025,-0.03419300852390536,0.08806051984363249,0.8879310344827587,0.11778303565638382,3.8501476017100584,3,60
75.0,33.0,0.059111111111111114,-0.09026388974995903,0.08649221885522307,0.8533333333333334,-0.43144059451142525,3.5263605246161616,3,61
94.0,44.0,0.008865248226950354,-0.13963732465058065,0.08037314834588205,0.925531914893617,0.2231435513142097,3.8066624897703196,3,62
67.0,37.0,0.004975124378109452,-0.06557638237442445,0.07056094196115079,0.8507462686567164,-0.3343691864244338,3.6375861597263857,3,63
71.0,34.0,0.14084507042253522,0.11652790918381158,0.0538221412069749,0.9154929577464789,0.05715841383994835,3.5553480614894135,3,64
68.0,30.0,0.2965686274509804,0.2450068131084487,0.04461485218498179,0.8823529411764706,-0.04255961441879563,3.4339872044851463,3,65
95.0,42.0,0.09473684210526316,-0.05272609864527854,0.6853196123750247,0.8421052631578947,0.3302416868705764,3.7612001156935624,3,66
91.0,44.0,0.013186813186813187,-0.1641967001394464,0.6725287721508413,0.8901098901098901,-0.04255961441879563,3.8066624897703196,3,67
27.0,18.0,-0.05555555555555555,-0.19038631646990783,0.3224624449360237,0.8888888888888888,-1.1895840668738367,2.9444389791664403,3,68
34.0,20.0,0.28431372549019607,0.26685769224468914,0.23364934384443925,0.8823529411764706,0.2231435513142097,3.044522437723423,3,69
27.0,19.0,0.06172839506172839,-0.01891993264542287,0.19563406084277546,0.8148148148148148,-0.2231435513142097,2.995732273553991,3,70
28.0,15.0,0.42976190476190473,0.3329330497631151,0.1999335373901136,0.8571428571428571,0.03509131981127034,2.772588722239781,3,71
44.0,20.0,0.09415584415584415,-0.16444549761543226,0.25913739738923247,0.8863636363636364,0.4393666597838455,3.044522437723423,3,72
36.0,19.0,0.1898148148148148,-0.00540056651167764,0.15531752143626476,0.8888888888888888,-0.19574457712609528,2.995732273553991,3,73
52.0,24.0,0.0532051282051282,-0.18470572637239305,0.14044552233011456,0.9423076923076923,0.3593740009078976,3.2188758248682006,3,74
37.0,18.0,0.15315315315315314,0.0407612240945574,0.05302152945618246,0.8918918918918919,-0.3327057538257363,2.9444389791664403,3,75
43.0,20.0,0.2513842746400886,0.11932657591572318,0.0720028184358052,0.8837209302325582,0.14660347419187536,3.044522437723423,3,76
29.0,14.0,0.09195402298850575,-0.060626829010950956,0.1164958919383101,0.896551724137931,-0.38299225225610556,2.70805020110221,3,77
28.0,17.0,-0.047619047619047616,-0.21311619787963018,0.06644297146759136,0.8214285714285714,-0.03390155167568132,2.8903717578961645,3,78
40.0,24.0,0.19583333333333336,0.09726024999681775,0.06025345444901737,0.875,0.3462762367178338,3.2188758248682006,3,79
34.0,16.0,0.009803921568627453,-0.07025218133230307,0.11623852752978667,0.8529411764705882,-0.15822400521489444,2.833213344056216,3,80
61.0,25.0,0.10109289617486338,0.04842016041389228,0.08460294325567524,0.8360655737704918,0.5717863235556782,3.258096538021482,3,81
46.0,21.0,0.0021739130434782605,-0.10006947064879651,0.058472664342991976,0.8913043478260869,-0.27698678333503324,3.091042453358316,3,82
48.0,22.0,0.0625,0.024809756404343596,0.050572762202714984,0.7916666666666666,0.04167269640056803,3.1354942159291497,3,83
42.0,19.0,0.20238095238095238,0.1471253493081718,0.03129317119750777,0.8333333333333334,-0.13062018241706408,2.995732273553991,3,84
37.0,20.0,0.1891891891891892,0.10017090071437895,0.05007471720334067,0.8378378378378378,-0.12361395596717673,3.044522437723423,3,85
40.0,17.0,0.16166666666666668,0.010309952809952783,0.06299771278915574,0.75,0.07598590697792229,2.8903717578961645,3,86
38.0,17.0,0.12719298245614033,-0.057219286956129156,0.0790620176602008,0.7894736842105263,-0.05001042057466165,2.8903717578961645,3,87
41.0,20.0,0.2764227642276423,0.11707315145697686,0.08107092303718966,0.8536585365853658,0.07410797215372211,3.044522437723423,3,88
42.0,22.0,0.3055555555555556,0.1171280844387391,0.03503271793909052,0.8809523809523809,0.023530497410193973,3.1354942159291497,3,89
46.0,24.0,-0.018115942028985504,-0.2545063761087649,0.057058614916025444,0.8260869565217391,0.08894748601649605,3.2188758248682006,3,90
35.0,20.0,0.18666666666666668,-0.001287459251404166,0.11120676663163649,0.8571428571428571,-0.2666286632539485,3.044522437723423,3,91
29.0,17.0,0.25862068965517243,0.10058526292409348,0.11239412523233348,0.8620689655172413,-0.18232155679395445,2.8903717578961645,3,92
29.0,15.0,0.09770114942528735,-0.04468932200566389,0.06018637618689951,0.896551724137931,0.0,2.772588722239781,3,93
41.0,17.0,0.13739837398373983,-0.04359779459863572,0.017077552063056237,0.8780487804878049,0.33647223662121295,2.8903717578961645,3,94
45.0,21.0,0.17407407407407408,0.009500669719340826,0.08425533557729899,0.8666666666666667,0.09097177820572666,3.091042453358316,3,95
48.0,24.0,-0.0069444444444444475,-0.14333564360547824,0.2653100797050745,0.8541666666666666,0.06317890162153139,3.2188758248682006,3,96
36.0,19.0,-0.17592592592592593,-0.2774352604637158,0.5372901654868718,0.9166666666666666,-0.2809023854664021,2.995732273553991,3,97
38.0,20.0,-0.5175438596491229,-0.5146117608836908,0.5941750601109784,0.8157894736842105,0.05264373348542195,3.044522437723423,3,98
42.0,22.0,-0.615079365079365,-0.38160795507286727,1.0089385904779198,0.8095238095238095,0.09763846956391609,3.1354942159291497,3,99
84.0,26.0,-0.680952380952381,-0.24476933073424312,0.8587825121264265,0.8928571428571429,0.6814511407967543,3.295836866004329,3,100
108.0,29.0,-0.6419753086419753,-0.03745010674835236,0.6233316002309036,0.9074074074074074,0.24869662573882678,3.4011973816621555,3,101
119.0,29.0,-0.5952380952380952,0.05076425631981174,0.5348279289278277,0.8487394957983193,0.09614386055290236,3.4011973816621555,3,102
128.0,30.0,-0.6640625,-0.024673905055849543,0.36375341266419003,0.8515625,0.07232066157962613,3.4339872044851463,3,103
163.0,30.0,-0.6272860064271107,0.006472628199579389,0.19519160266894087,0.8957055214723927,0.2400540234625268,3.4339872044851463,3,104
88.0,28.0,-0.5075757575757576,0.12128644297931113,0.0834787938334262,0.8636363636363636,-0.6112300580920591,3.367295829986474,3,105
107.0,28.0,-0.49626168224299066,0.10337973909129866,0.34510516243150635,0.897196261682243,0.19349485739208028,3.367295829986474,3,106
83.0,26.0,-0.2,0.3437078154152862,0.5055046360602562,0.8192771084337349,-0.25131442828090655,3.295836866004329,3,107
76.0,21.0,-0.25570175438596493,0.14557739222028443,0.4367565611992319,0.8026315789473685,-0.08701137698962924,3.091042453358316,3,108
95.0,26.0,-0.12035087719298246,0.19697026835000273,0.5606949610203082,0.8210526315789474,0.22054276961415198,3.295836866004329,3,109
72.0,24.0,-0.06944444444444445,0.12257309941520464,0.46037045566661317,0.9027777777777778,-0.27388875031944515,3.2188758248682006,3,110
84.0,28.0,-0.10595238095238095,0.042546644388749624,0.49839713278150877,0.8928571428571429,0.15219181534192572,3.367295829986474,3,111
60.0,25.0,-0.14166666666666666,-0.04308409913673074,0.3620330626404175,0.8833333333333333,-0.3317773923170053,3.258096538021482,3,112
49.0,21.0,0.0782312925170068,0.18391912320483744,0.37111909622858924,0.8775510204081632,-0.1988508587451654,3.091042453358316,3,113
46.0,23.0,0.034782608695652174,0.09124519372966575,0.3044304965459333,0.9347826086956522,-0.06187540371808753,3.1780538303479458,3,114
57.0,26.0,0.06725146198830409,0.07680238380630662,0.22047560476394235,0.8947368421052632,0.21029540883636066,3.295836866004329,3,115
74.0,28.0,0.022522522522522525,-0.03756593187779854,0.24795140115012498,0.8513513513513513,0.25704510298989103,3.367295829986474,3,116
58.0,25.0,0.04885057471264369,0.007331710310484053,0.22351106962139647,0.8793103448275862,-0.23995066963059042,3.258096538021482,3,117
46.0,21.0,0.07246376811594202,0.026255581708118557,0.12388001017288149,0.8478260869565217,-0.22738984219566127,3.091042453358316,3,118
35.0,21.0,0.19047619047619047,0.14253056869248767,0.15206894588365064,0.8571428571428571,-0.2666286632539485,3.091042453358316,3,119
53.0,33.0,0.12641509433962264,0.0,0.0,0.8490566037735849,0.0,3.5263605246161616,5,0
53.0,33.0,0.12641509433962264,0.0,0.0,0.8490566037735849,0.0,3.5263605246161616,5,1
53.0,33.0,0.12641509433962264,0.0,0.0,0.8490566037735849,0.0,3.5263605246161616,5,2
93.0,42.0,0.12196620583717359,-0.004448888502449053,0.0,0.7849462365591398,0.5543107357057293,3.7612001156935624,5,3
56.0,41.0,0.19523809523809524,0.07030596373262228,0.0,0.7857142857142857,-0.5002435144354536,3.7376696182833684,5,4
46.0,25.0,0.1920289855072464,0.04415585370228256,0.030630770883242932,0.8695652173913043,-0.19290366612449183,3.258096538021482,5,5
44.0,28.0,0.051515151515151514,-0.11822927734568692,0.05789020777740914,0.8181818181818182,-0.04348511193973881,3.367295829986474,5,6
60.0,32.0,0.13499999999999998,-0.011260744086831087,0.02586232764366119,0.9,0.30421137440299173,3.4965075614664802,5,7
50.0,29.0,0.08,-0.04618137900746595,0.08607187378890108,0.86,-0.17904823144898563,3.4011973816621555,5,8
73.0,36.0,0.16894977168949774,0.08011138785111391,0.0423169181985925,0.8767123287671232,0.37223946047984446,3.6109179126442243,5,9
63.0,35.0,0.12698412698412698,-0.0009991302457056095,0.007745947899557404,0.8253968253968254,-0.1451820098444987,3.58351893845611,5,10
60.0,30.0,0.08888888888888888,-0.03642241066898602,0.027770838272309938,0.9,-0.04800921918636014,3.4339872044851463,5,11
49.0,28.0,0.09183673469387756,-0.03643752782696032,0.11130018458600914,0.8571428571428571,-0.1988508587451654,3.367295829986474,5,12
36.0,21.0,0.1851851851851852,0.08261526832955406,0.03931913101966834,0.8611111111111112,-0.3011050927839216,3.091042453358316,5,13
50.0,27.0,0.1,-0.02197026958931722,0.0739044414773666,0.94,0.3209077200801014,3.332204510175204,5,14
55.0,32.0,0.13818181818181818,0.012507844888797276,0.11438438101135019,0.9454545454545454,0.09352605801082392,3.4965075614664802,5,15
69.0,33.0,0.2246376811594203,0.08351534670375249,0.032307961142943764,0.9420289855072463,0.2231435513142097,3.5263605246161616,5,16
62.0,34.0,0.31451612903225806,0.16024296258517853,0.03641220876298718,0.9032258064516129,-0.10536051565782678,3.5553480614894135,5,17
63.0,34.0,0.11058201058201059,-0.11519653220915493,0.04113910951066361,0.7777777777777778,0.01574835696813892,3.5553480614894135,5,18
64.0,34.0,0.19322916666666667,-0.023349440257896314,0.03817695445639445,0.84375,0.015504186535965303,3.5553480614894135,5,19
53.0,33.0,0.14465408805031446,-0.06145501404333065,0.06463256754104643,0.9056603773584906,-0.18540322333136228,3.5263605246161616,5,20
51.0,33.0,0.3333333333333333,0.18384491156700275,0.08340921666280876,0.8431372549019608,-0.03774032798284699,3.5263605246161616,5,21
51.0,32.0,0.18169934640522878,-0.04203951627820937,0.10272782651375378,0.8431372549019608,0.0,3.4965075614664802,5,22
44.0,28.0,0.2159090909090909,-0.003986498353867912,0.1343320082191248,0.8409090909090909,-0.1445812288111079,3.367295829986474,5,23
74.0,37.0,0.15765765765765766,-0.08598959922489333,0.07732051925053683,0.8108108108108109,0.5108256237659905,3.6375861597263857,5,24
50.0,25.0,0.09333333333333334,-0.0917553649906591,0.05242182623890856,0.92,-0.3856624808119844,3.258096538021482,5,25
46.0,25.0,0.06521739130434782,-0.09041596932901282,0.08953015618589125,0.8478260869565217,-0.0816780310142673,3.258096538021482,5,26
72.0,35.0,0.1439814814814815,0.03857868738303523,0.13505601289219255,0.8888888888888888,0.4403118394383325,3.58351893845611,5,27
47.0,27.0,0.20212765957446807,0.10128359086808052,0.10330520724204263,0.8297872340425532,-0.4192584302404998,3.332204510175204,5,28
70.0,39.0,0.2642857142857143,0.12717687016561516,0.04679341189168002,0.9142857142857143,0.3914788661334243,3.6888794541139363,5,29
59.0,31.0,0.07344632768361581,-0.1300186240969388,0.060361133873857935,0.8813559322033898,-0.16833531481921504,3.4657359027997265,5,30
60.0,36.0,-0.016666666666666666,-0.1966199005145994,0.102959201634102,0.9166666666666666,0.01652930195121094,3.6109179126442243,5,31
63.0,36.0,-0.05291005291005291,-0.1599318446776074,0.059722252738146187,0.8412698412698413,0.04800921918636014,3.6109179126442243,5,32
30.0,18.0,0.2,0.19871013063103457,0.06804106199820247,0.8333333333333334,-0.7248958788745252,2.9444389791664403,5,33
38.0,26.0,0.2192982456140351,0.17582381880627493,0.015444032081109522,0.9473684210526315,0.22957444164450003,3.295836866004329,5,34
57.0,35.0,0.17251461988304095,0.05038522231504687,0.06808026027420971,0.8947368421052632,0.3968813644167728,3.58351893845611,5,35
68.0,36.0,0.06323529411764706,-0.13403566104804499,0.07996607964853755,0.8529411764705882,0.17366349405084058,3.6109179126442243,5,36
79.0,41.0,0.10126582278481013,-0.050416897086764265,0.07786153875220914,0.8987341772151899,0.14792013007662153,3.7376696182833684,5,37
51.0,33.0,0.24509803921568626,0.13275946028718688,0.12790590051298883,0.8627450980392157,-0.43078291609245367,3.5263605246161616,5,38
66.0,33.0,0.09696969696969697,-0.03956335506968421,0.03964838154337401,0.8787878787878788,0.2534489008095382,3.5263605246161616,5,39
40.0,26.0,0.19583333333333333,0.04805548034326884,0.06857919781920917,0.925,-0.4911205526866578,3.295836866004329,5,40
40.0,23.0,0.08666666666666667,-0.09263368983957221,0.06860659845005188,0.775,0.0,3.1780538303479458,5,41
41.0,25.0,-0.008130081300813012,-0.13461998029071204,0.044408410895542115,0.8780487804878049,0.02409755157906046,3.258096538021482,5,42
59.0,34.0,0.1864406779661017,0.09498403839970603,0.023677091910811042,0.8983050847457628,0.356674943938732,3.5553480614894135,5,43
64.0,34.0,0.125,0.03667424555601488,0.11314249953379041,0.890625,0.08004270767353638,3.5553480614894135,5,44
87.0,35.0,0.1839080459770115,0.0828045137552486,0.03849561584420292,0.8275862068965517,0.30294954458257006,3.58351893845611,5,45
58.0,38.0,0.13505747126436782,-0.030058770050003264,0.02243526913873473,0.9310344827586207,-0.39979937057248716,3.6635616461296463,5,46
42.0,24.0,-0.2634920634920635,-0.41148056923918996,0.0787227217999059,0.8333333333333334,-0.3163373282121573,3.2188758248682006,5,47
36.0,23.0,0.04166666666666666,0.02317551541689471,0.13873851627024386,0.9722222222222222,-0.15028220304933804,3.1780538303479458,5,48
56.0,31.0,0.1732142857142857,0.20213692756796203,0.09981457140579211,0.7678571428571429,0.4321333551903259,3.4657359027997265,5,49
45.0,29.0,0.16666666666666666,0.18287037037037035,0.1173957644497618,0.8,-0.2144098713454552,3.4011973816621555,5,50
67.0,36.0,0.19900497512437812,0.07182243544183842,0.03676958199566327,0.8805970149253731,0.3908663086870119,3.6109179126442243,5,51
65.0,40.0,0.18344322344322345,0.003814580941446627,0.07479109870281597,0.8769230769230769,-0.029852963149681777,3.713572066704308,5,52
59.0,34.0,0.2231638418079096,0.040125553396486824,0.03996108537355969,0.8983050847457628,-0.09531017980432477,3.5553480614894135,5,53
122.0,61.0,0.11475409836065574,-0.08711658176451466,1.6211573206244385,0.9180327868852459,0.7178397931503167,4.127134385045092,5,54
151.0,80.0,0.10485651214128035,-0.0689305423959826,1.411484080470602,0.8278145695364238,0.2116961654738594,4.394449154672439,5,55
157.0,80.0,0.15966029723991507,0.01206881313663316,1.197710780271782,0.8471337579617835,0.03871451218069044,4.394449154672439,5,56
158.0,81.0,0.1729957805907173,0.046572144676766875,0.9690949628472533,0.930379746835443,0.00630916919326463,4.406719247264253,5,57
135.0,72.0,0.12814814814814815,-0.017689381842489443,0.7141547015416263,0.9037037037037037,-0.15624931648417917,4.290459441148391,5,58
84.0,51.0,0.08928571428571429,-0.06431569437387923,0.5432614441535725,0.8452380952380952,-0.4700036292457357,3.9512437185814275,5,59
153.0,80.0,0.15468409586056645,0.024540881519039826,0.2839610635311505,0.9150326797385621,0.5943013459233129,4.394449154672439,5,60
137.0,72.0,0.22311435523114356,0.09907503579966724,0.1004027197926781,0.9197080291970803,-0.10969891725642444,4.290459441148391,5,61
209.0,88.0,0.13157894736842105,-0.024115774424053743,0.07142292083238937,0.8947368421052632,0.4198538455602634,4.48863636973214,5,62
160.0,77.0,0.16458333333333333,-0.005209132820043705,0.03959506005042196,0.88125,-0.26570316573300534,4.356708826689592,5,63
148.0,68.0,0.11261261261261261,-0.06047959936502005,0.021827525121538252,0.9324324324324325,-0.07745805903900393,4.23410650459726,5,64
147.0,73.0,0.08752834467120181,-0.04872995310025387,0.042906782476014496,0.8571428571428571,-0.006734032181344496,4.30406509320417,5,65
92.0,53.0,0.16718426501035197,0.04560950147130269,0.0345992370901408,0.8260869565217391,-0.4646127806108584,3.9889840465642745,5,66
135.0,67.0,0.08790123456790123,-0.034540506196820905,0.02360395509712373,0.9407407407407408,0.3800553925827961,4.219507705176107,5,67
173.0,80.0,0.05375722543352601,-0.060447389316292344,0.04121239193235764,0.9190751445086706,0.24640041347847674,4.394449154672439,5,68
183.0,82.0,0.22823315118397086,0.12528557618004443,0.01977481996720773,0.907103825136612,0.05588045839445677,4.418840607796598,5,69
173.0,82.0,0.18747591522157994,0.0641787114931139,0.018619983626904327,0.884393063583815,-0.05588045839445677,4.418840607796598,5,70
155.0,73.0,0.11677419354838711,-0.039714570397971855,0.027471188294931045,0.9419354838709677,-0.109199291964992,4.30406509320417,5,71
125.0,67.0,0.23466666666666666,0.05717224668202067,0.0224754491608503,0.928,-0.21357410029805912,4.219507705176107,5,72
117.0,70.0,0.17264957264957265,-0.006989352495971934,0.04580009475344722,0.8974358974358975,-0.06559728248581287,4.2626798770413155,5,73
164.0,80.0,0.12073170731707318,-0.05396510363780234,0.08670035207438288,0.9085365853658537,0.3352608494349152,4.394449154672439,5,74
128.0,68.0,0.16796875,-0.008047232211104177,0.04918556597102841,0.9140625,-0.24613306953890834,4.23410650459726,5,75
144.0,73.0,0.05069444444444445,-0.10308889887777084,0.0430234624396719,0.8888888888888888,0.11692133805890226,4.30406509320417,5,76
205.0,90.0,0.22631823461091752,0.11318660069041162,0.056014717208021564,0.8878048780487805,0.35114242636900705,4.51085950651685,5,77
146.0,76.0,0.11894977168949772,-0.029377371328956292,0.02921225247307245,0.9041095890410958,-0.33744358201084523,4.343805421853684,5,78
124.0,62.0,0.11693548387096774,-0.015051999710652172,0.05031743404684063,0.8548387096774194,-0.1621188494764345,4.143134726391533,5,79
111.0,70.0,0.09819819819819821,-0.05586963185892947,0.023730144508912372,0.918918918918919,-0.10981486600720736,4.2626798770413155,5,80
172.0,76.0,0.09302325581395349,-0.018337895438934423,0.02990354274059599,0.8546511627906976,0.43479272320268514,4.343805421853684,5,81
149.0,74.0,0.232662192393736,0.12994321309936285,0.04412501707303387,0.912751677852349,-0.14265630040152377,4.31748811353631,5,82
198.0,84.0,0.31767676767676767,0.1763822188748051,0.03195427638711603,0.8939393939393939,0.28266953062823674,4.442651256490317,5,83
164.0,80.0,0.22560975609756098,0.011155684136075261,0.02377810033649439,0.8902439024390244,-0.18735935082391197,4.394449154672439,5,84
182.0,81.0,0.15274725274725276,-0.10590231930876881,0.007944623519224515,0.9065934065934066,0.10354067894084107,4.406719247264253,5,85
153.0,74.0,0.12505446623093683,-0.10695679260959029,0.0650820835997783,0.8758169934640523,-0.17253355042779184,4.31748811353631,5,86
132.0,74.0,0.09090909090909091,-0.07689473411615927,0.016685579243411835,0.946969696969697,-0.1466034741918758,4.31748811353631,5,87
128.0,65.0,0.15286458333333333,0.02996098003757315,0.030818457866411526,0.9296875,-0.03053672386008177,4.189654742026425,5,88
126.0,69.0,-0.041798941798941794,-0.16474165529006216,0.25291017307250224,0.873015873015873,-0.01562531790308075,4.248495242049359,5,89
196.0,83.0,-0.225,-0.2923249108144942,0.4773149728592642,0.8928571428571429,0.4390166422793973,4.430816798843313,5,90
163.0,85.0,-0.4306748466257669,-0.3926967271372307,0.6480721595720528,0.901840490797546,-0.18333730091378975,4.454347296253507,5,91
244.0,90.0,-0.5614754098360656,-0.3289841470278294,1.0016698325483808,0.9016393442622951,0.40139178272052867,4.51085950651685,5,92
282.0,100.0,-0.5972813238770686,-0.1915645717231244,0.8217629324369258,0.8794326241134752,0.1441886870985103,4.61512051684126,5,93
333.0,108.0,-0.6476476476476476,-0.1178371208680139,0.6864726566118968,0.9219219219219219,0.16569409533346313,4.6913478822291435,5,94
461.0,109.0,-0.5856109906001445,0.016523803186782704,0.5151219160134735,0.928416485900217,0.3244238981050378,4.700480365792417,5,95
522.0,111.0,-0.6199872286079182,-0.009807241232964725,0.31976358198465205,0.896551724137931,0.12401657298318458,4.718498871295094,5,96
626.0,115.0,-0.6407348242811503,-0.02298620199591339,0.17854148532635705,0.9281150159744409,0.18136507656799772,4.7535901911063645,5,97
775.0,117.0,-0.47440860215053765,0.14103574567920002,0.08822031699153055,0.8812903225806452,0.21320597955029807,4.770684624465665,5,98
364.0,101.0,-0.4412087912087912,0.13716809380441086,0.3227623219393783,0.8901098901098901,-0.7542551666007276,4.624972813284271,5,99
374.0,105.0,-0.29759358288770055,0.2211904896591258,0.44480054690784143,0.8877005347593583,0.027028672387919173,4.663439094112067,5,100
275.0,97.0,-0.1684848484848485,0.2359188102641613,0.467292212020238,0.8909090909090909,-0.30652516025326104,4.584967478670572,5,101
305.0,99.0,-0.08021857923497268,0.22221049495880746,0.4888070718356938,0.8819672131147541,0.1031842362352311,4.605170185988092,5,102
337.0,99.0,0.001483679525222552,0.1835826830610631,0.476041429816633,0.9169139465875371,0.09946079353063819,4.605170185988092,5,103
343.0,108.0,-0.02468415937803693,0.057722423353495936,0.42924913813196275,0.9008746355685131,0.017595761890379258,4.6913478822291435,5,104
298.0,95.0,0.03333333333333333,0.06780635302926236,0.4020539941858134,0.8859060402684564,-0.14019808398271127,4.564348191467836,5,105
228.0,90.0,0.02134502923976608,0.01796741141292643,0.31630000971783073,0.8859649122807017,-0.2667215698364469,4.51085950651685,5,106
203.0,97.0,0.04351395730706076,0.03351588957537326,0.2469005816030142,0.9014778325123153,-0.11560200971002388,4.584967478670572,5,107
149.0,74.0,-0.11588366890380312,-0.14861444219718983,0.10407259574586313,0.8993288590604027,-0.30748469974796055,4.31748811353631,5,108
175.0,76.0,-0.25085714285714283,-0.2338489154048174,0.1926458451527703,0.8914285714285715,0.15984870094189585,4.343805421853684,5,109
204.0,94.0,-0.31209150326797386,-0.20434921845001214,0.45988481817740445,0.8970588235294118,0.15252598410025708,4.553876891600541,5,110
189.0,83.0,-0.6463844797178131,-0.4201070413748398,0.9168779839734804,0.8835978835978836,-0.07598590697792229,4.430816798843313,5,111
372.0,106.0,-0.6424731182795699,-0.23936207633192658,0.730763222981583,0.9059139784946236,0.6745543474833298,4.672828834461906,5,112
273.0,95.0,-0.6863247863247863,-0.15267508590300072,0.5566214982181192,0.8937728937728938,-0.30845031325574546,4.564348191467836,5,113
351.0,102.0,-0.614665581332248,0.04372854677514182,0.42530627865729165,0.9031339031339032,0.2505030692100263,4.634728988229636,5,114
468.0,113.0,-0.6177350427350428,0.030086119243825316,0.33285898209765696,0.9145299145299145,0.2869715928481824,4.736198448394496,5,115
487.0,107.0,-0.5494866529774127,0.09008848381994627,0.16863887538275557,0.8850102669404517,0.03971263740686837,4.68213122712422,5,116
474.0,109.0,-0.4557665260196906,0.1381958996618773,0.1408373835039753,0.8881856540084389,-0.027000601818506276,4.700480365792417,5,117
441.0,107.0,-0.3423280423280423,0.19866803158267304,0.3127562724596948,0.9115646258503401,-0.07200492195694341,4.68213122712422,5,118
415.0,110.0,-0.26032128514056224,0.18887245530115299,0.4149354065710967,0.8963855421686747,-0.060624621816434576,4.709530201312334,5,119
